tenant_id,causality_impact_score,causality_affected_score,correlation_strength,phase_variation,noisy_score,metrics_count
tenant-b,0.528616970342634,0.0,0.042816439063121554,20.952728556684367,4.467699128227126,13
tenant-c,0.7099872191325248,0.0,0.08330580216455143,1.6303183684257658,0.7060490239007811,20
tenant-d,0.7869423340937007,0.0,0.07908415015241407,1.4228761694516323,0.7017716459829011,20
tenant-a,0.6916476863463695,0.0,0.07955623321494423,0.07609428685283505,0.38490957050823504,20
