tenant_id,tenant-cpu,tenant-dsk,tenant-mem,tenant-nsy,tenant-ntk
tenant-cpu,1.0,0.4358602261630708,0.48692029804328746,0.4586051955256333,-0.002061720321505502
tenant-dsk,0.4358602261630708,1.0,0.564871029567231,0.5694340001296014,-0.10761463886598222
tenant-mem,0.48692029804328746,0.564871029567231,1.0,0.522530892294248,-0.05292471792658873
tenant-nsy,0.4586051955256333,0.5694340001296014,0.522530892294248,1.0,0.008424450584249066
tenant-ntk,-0.002061720321505502,-0.10761463886598222,-0.05292471792658873,0.008424450584249066,1.0
