tenant_id,tenant-cpu,tenant-dsk,tenant-mem,tenant-nsy,tenant-ntk
tenant-cpu,0.22839246252871598,0.0014935436272666739,0.1844935493070252,-0.3940644439789453,0.03316866483838948
tenant-dsk,0.0014935436272666739,0.013617581841849894,0.0003127598117936717,0.003996703158082911,0.013105037114487945
tenant-mem,0.1844935493070252,0.0003127598117936717,0.23459610209898732,-0.3974642792122508,0.03270370812128138
tenant-nsy,-0.3940644439789453,0.003996703158082911,-0.3974642792122508,0.9936080719713419,-0.028243456510065122
tenant-ntk,0.03316866483838948,0.013105037114487945,0.03270370812128138,-0.028243456510065122,0.055563152293127895
