tenant_id,tenant-cpu,tenant-dsk,tenant-mem,tenant-nsy,tenant-ntk
tenant-cpu,1300857988.4153957,8907810734.409315,205572303.56525788,124802311.52617931,288476013.65520996
tenant-dsk,8907810734.409315,2972340833983.6455,11005154092.448664,35312322818.01138,15434111884.07807
tenant-mem,205572303.56525788,11005154092.448664,1464492925.650725,-182668541.56009996,86894318.24481049
tenant-nsy,124802311.52617931,35312322818.01138,-182668541.56009996,2598321096.6005607,396099041.01241225
tenant-ntk,288476013.65520996,15434111884.07807,86894318.24481049,396099041.01241225,1377308415.692833
