tenant_id,tenant-cpu,tenant-dsk,tenant-mem,tenant-nsy,tenant-ntk
tenant-cpu,0.056037418238949956,0.002023541688214739,0.031435980274824346,-0.05470254380536312,0.016685362291866835
tenant-dsk,0.002023541688214739,0.008311489293647684,0.002905367638588478,0.0022047482856711337,0.006004518481025568
tenant-mem,0.031435980274824346,0.002905367638588478,0.05426163805875619,-0.0477785727401437,0.01619405925093478
tenant-nsy,-0.05470254380536312,0.0022047482856711337,-0.0477785727401437,0.2789556704351347,0.019746390968465616
tenant-ntk,0.016685362291866835,0.006004518481025568,0.01619405925093478,0.019746390968465616,0.04899142651344702
