tenant_id,causality_impact_score,causality_affected_score,correlation_strength,phase_variation,noisy_score,metrics_count
tenant-b,0.25206034235742647,0.0,0.09626627137569048,44.3924340368285,9.03339685995712,7
tenant-d,0.20090221038311373,0.0,0.13653227564148407,6.451855562332341,1.4317819003504704,10
tenant-c,0.3797496537072074,0.0,0.16515905997083705,5.808946534325571,1.401211851709969,10
tenant-a,0.3037749467613434,0.0,0.12053117892528639,4.248740588371107,1.037794944732479,10
