tenant_id,stability_score
tenant-mem,0.872851149101632
tenant-nsy,0.8000977462542656
tenant-cpu,0.5417209393994151
tenant-dsk,0.4428499216430358
tenant-ntk,0.34304965262726894
