tenant_id,causality_impact_score,causality_affected_score,correlation_strength,phase_variation,noisy_score,metrics_count
tenant-b,0.6664259336750536,0.0,0.0825029045474922,18.137221654663264,3.9854081691344274,82
tenant-a,0.7592255056135154,0.0,0.10417980889446879,3.2187720116653438,1.0546210978081672,102
tenant-d,0.7763295262649506,0.0,0.11195977748482557,2.810251072827659,0.9838029109434547,118
tenant-c,0.8592245283054852,0.0,0.1093612792682971,2.4222001230232246,0.9468606725378768,90
