tenant_id,tenant-cpu,tenant-dsk,tenant-mem,tenant-nsy,tenant-ntk
tenant-cpu,1.0,0.23182483453049946,0.3065852538595692,0.09303496606633545,-0.0007231640069834853
tenant-dsk,0.23182483453049946,1.0,0.22568231480943263,0.2712100682949611,0.184182044376765
tenant-mem,0.3065852538595692,0.22568231480943263,1.0,0.33003179114030207,0.006827576131224157
tenant-nsy,0.09303496606633545,0.2712100682949611,0.33003179114030207,1.0,-0.02641004341695133
tenant-ntk,-0.0007231640069834853,0.184182044376765,0.006827576131224157,-0.02641004341695133,1.0
