tenant_id,tenant-cpu,tenant-dsk,tenant-mem,tenant-nsy,tenant-ntk
tenant-cpu,1.0,0.06428333458042723,0.2714043384554747,0.12963603402106816,-0.021878191499369697
tenant-dsk,0.06428333458042723,1.0,0.21038985589353124,0.16954902831831706,0.05907394956995029
tenant-mem,0.2714043384554747,0.21038985589353124,1.0,0.15485343904631235,-0.0005595799465236074
tenant-nsy,0.12963603402106816,0.16954902831831706,0.15485343904631235,1.0,0.2995024181780617
tenant-ntk,-0.021878191499369697,0.05907394956995029,-0.0005595799465236074,0.2995024181780617,1.0
