tenant_id,tenant-cpu,tenant-dsk,tenant-mem,tenant-nsy,tenant-ntk
tenant-cpu,1.0,0.29380857633157037,0.13495129966185215,0.0020457836322275154,0.22097058621493176
tenant-dsk,0.29380857633157037,1.0,0.09191258346233103,-0.06666092362039572,0.23530056807686214
tenant-mem,0.13495129966185215,0.09191258346233103,1.0,-0.020104573123292786,0.04845554271558991
tenant-nsy,0.0020457836322275154,-0.06666092362039572,-0.020104573123292786,1.0,-0.0402906319819263
tenant-ntk,0.22097058621493176,0.23530056807686214,0.04845554271558991,-0.0402906319819263,1.0
