tenant_id,tenant-cpu,tenant-dsk,tenant-mem,tenant-nsy,tenant-ntk
tenant-cpu,1.0,0.155954744380364,0.6932873730527607,-0.57596225880728,0.3811922443813206
tenant-dsk,0.155954744380364,1.0,0.10782165333708219,0.1408257629627111,0.36641612540739976
tenant-mem,0.6932873730527607,0.10782165333708219,1.0,-0.5958461264450862,0.3736668983898769
tenant-nsy,-0.57596225880728,0.1408257629627111,-0.5958461264450862,1.0,0.05698910297561171
tenant-ntk,0.3811922443813206,0.36641612540739976,0.3736668983898769,0.05698910297561171,1.0
