tenant_id,tenant-cpu,tenant-dsk,tenant-mem,tenant-nsy,tenant-ntk
tenant-cpu,1.0,0.20318480190907234,0.27268573822653186,0.04935656598102498,0.14539974202499464
tenant-dsk,0.20318480190907234,1.0,0.19252255169588514,0.1790468975498119,0.17602848724327166
tenant-mem,0.27268573822653186,0.19252255169588514,1.0,0.3131577206788093,0.14797469768601668
tenant-nsy,0.04935656598102498,0.1790468975498119,0.3131577206788093,1.0,0.07778844842382504
tenant-ntk,0.14539974202499464,0.17602848724327166,0.14797469768601668,0.07778844842382504,1.0
