tenant_id,tenant-cpu,tenant-dsk,tenant-mem,tenant-ntk
tenant-cpu,1931985018.7599616,1168379980620.7185,473829923.25905824,167642362.82313016
tenant-dsk,1168379980620.7185,3611327289602357.5,360833764523.3772,-383320322187.61646
tenant-mem,473829923.25905824,360833764523.3772,1571101188.4532213,100393305.41915926
tenant-ntk,167642362.82313016,-383320322187.61646,100393305.41915926,1576431225.3316498
