tenant_id,tenant-cpu,tenant-dsk,tenant-mem,tenant-nsy,tenant-ntk
tenant-cpu,1056235830.3796859,4637651197.965372,360382381.1598256,499991506.2466407,90888291.21689318
tenant-dsk,4637651197.965372,3356256962150.7827,-129382967.50451285,4780031551431.983,-903812799.4011661
tenant-mem,360382381.1598256,-129382967.50451285,1843775652.7699342,-3780427087.279182,206296241.70968845
tenant-nsy,499991506.2466407,4780031551431.983,-3780427087.279182,17603951240655.95,-15460600982.732592
tenant-ntk,90888291.21689318,-903812799.4011661,206296241.70968845,-15460600982.732592,1489431351.4186404
