tenant_id,tenant-cpu,tenant-dsk,tenant-mem,tenant-nsy,tenant-ntk
tenant-cpu,0.1990690207283916,0.018620610024169006,0.15695218318922993,-0.3367946794311645,0.047754584034716864
tenant-dsk,0.018620610024169006,0.009416110582578893,0.015581571975360132,-0.03209457252546241,0.011861140138123876
tenant-mem,0.15695218318922993,0.015581571975360132,0.20287842520558752,-0.331854614568815,0.04205869842219113
tenant-nsy,-0.3367946794311645,-0.03209457252546241,-0.331854614568815,0.921308003186792,-0.0446674443374391
tenant-ntk,0.047754584034716864,0.011861140138123876,0.04205869842219113,-0.0446674443374391,0.06532940045910667
