tenant_id,tenant-cpu,tenant-dsk,tenant-mem,tenant-nsy,tenant-ntk
tenant-cpu,1.0,0.04548194718721815,0.5370082212085713,-0.3898620264729628,0.2551641512806509
tenant-dsk,0.04548194718721815,1.0,0.12248752428862578,-0.0721688466228126,0.37725423310190664
tenant-mem,0.5370082212085713,0.12248752428862578,1.0,-0.40894647296491654,0.2492243969609067
tenant-nsy,-0.3898620264729628,-0.0721688466228126,-0.40894647296491654,1.0,0.10722218302592235
tenant-ntk,0.2551641512806509,0.37725423310190664,0.2492243969609067,0.10722218302592235,1.0
