tenant_id,tenant-cpu,tenant-dsk,tenant-mem,tenant-nsy,tenant-ntk
tenant-cpu,1.0,-0.061213437868392354,0.01672983204609625,0.07426540533947946,0.08595345548862578
tenant-dsk,-0.061213437868392354,1.0,-0.013637046716015153,-0.0643818195682749,0.04908778886054976
tenant-mem,0.01672983204609625,-0.013637046716015153,1.0,0.0009622345618813743,-0.061233324760822536
tenant-nsy,0.07426540533947946,-0.0643818195682749,0.0009622345618813743,1.0,-0.03152238988413291
tenant-ntk,0.08595345548862578,0.04908778886054976,-0.061233324760822536,-0.03152238988413291,1.0
