tenant_id,tenant-cpu,tenant-dsk,tenant-mem,tenant-nsy,tenant-ntk
tenant-cpu,1.0,0.5755588640946083,0.6633553146563094,-0.12516830447760924,0.3576476043256273
tenant-dsk,0.5755588640946083,1.0,0.43566882936804563,-0.04311012895399038,0.33383762430415637
tenant-mem,0.6633553146563094,0.43566882936804563,1.0,-0.2310585762796512,0.37297935574525415
tenant-nsy,-0.12516830447760924,-0.04311012895399038,-0.2310585762796512,1.0,-0.036062569280466625
tenant-ntk,0.3576476043256273,0.33383762430415637,0.37297935574525415,-0.036062569280466625,1.0
