tenant_id,tenant-cpu,tenant-dsk,tenant-mem,tenant-nsy,tenant-ntk
tenant-cpu,2594120846.8590074,43683840344.70958,1101063695.5338883,1354742159.673204,1311716071.8436847
tenant-dsk,43683840344.70958,16620053454639.4,26913022480.27718,44483404548.4023,59029075272.74253
tenant-mem,1101063695.5338883,26913022480.27718,1659245936.845884,837746825.7560589,1009140292.7827842
tenant-nsy,1354742159.673204,44483404548.4023,837746825.7560589,2112696653.870709,1069973088.836235
tenant-ntk,1311716071.8436847,59029075272.74253,1009140292.7827842,1069973088.836235,2234169741.270524
