tenant_id,tenant-cpu,tenant-dsk,tenant-mem,tenant-nsy,tenant-ntk
tenant-cpu,0.07093048870547178,-0.002892140254456582,0.05311727618930619,-0.07358591488309937,0.018856535594220285
tenant-dsk,-0.002892140254456582,0.021086654812596497,-0.007011863807807513,0.011851624664306327,0.014027766730601346
tenant-mem,0.05311727618930619,-0.007011863807807513,0.08128464489458097,-0.08639343321422281,0.011292212671499538
tenant-nsy,-0.07358591488309937,0.011851624664306327,-0.08639343321422281,0.28863635749989297,0.013691324420130917
tenant-ntk,0.018856535594220285,0.014027766730601346,0.011292212671499538,0.013691324420130917,0.05356372218534516
