tenant_id,tenant-cpu,tenant-dsk,tenant-mem,tenant-nsy,tenant-ntk
tenant-cpu,1887820590.6455913,30308526703.443764,512470880.8437684,-17976708333.27907,3360598606.28669
tenant-dsk,30308526703.443764,4931594199761.599,39921370816.585266,-1654440775717.7258,123600227474.20613
tenant-mem,512470880.8437684,39921370816.585266,1821614466.3963313,-12217818119.192175,2865448661.2859173
tenant-nsy,-17976708333.27907,-1654440775717.7258,-12217818119.192175,1424765053012.423,-69309568426.58636
tenant-ntk,3360598606.28669,123600227474.20613,2865448661.2859173,-69309568426.58636,50739718796.883965
