tenant_id,tenant-cpu,tenant-dsk,tenant-mem,tenant-nsy,tenant-ntk
tenant-cpu,1.0,0.2040351393225582,0.2601988009747898,0.29377165066509164,0.2183826755767753
tenant-dsk,0.2040351393225582,1.0,0.1597734263677947,0.4032929567065893,0.33400288129614486
tenant-mem,0.2601988009747898,0.1597734263677947,1.0,0.3570940508181684,0.21249528232667306
tenant-nsy,0.29377165066509164,0.4032929567065893,0.3570940508181684,1.0,0.2944433814025988
tenant-ntk,0.2183826755767753,0.33400288129614486,0.21249528232667306,0.2944433814025988,1.0
