tenant_id,tenant-cpu,tenant-dsk,tenant-mem,tenant-nsy,tenant-ntk
tenant-cpu,1.0,0.08619415263626379,0.09552088972461281,-0.08522524463534949,0.08910514062934981
tenant-dsk,0.08619415263626379,1.0,-0.04552470823647975,0.12463293316310986,0.08410805976967872
tenant-mem,0.09552088972461281,-0.04552470823647975,1.0,0.05464380874369206,0.014895287426183146
tenant-nsy,-0.08522524463534949,0.12463293316310986,0.05464380874369206,1.0,-0.09460323054065287
tenant-ntk,0.08910514062934981,0.08410805976967872,0.014895287426183146,-0.09460323054065287,1.0
