tenant_id,tenant-cpu,tenant-dsk,tenant-mem,tenant-nsy,tenant-ntk
tenant-cpu,1.0,-0.040828077436526895,0.1120507066124407,0.025816045662710105,0.0015950493089075613
tenant-dsk,-0.040828077436526895,1.0,-0.004167671190285347,0.08658998357104127,0.06659516544212661
tenant-mem,0.1120507066124407,-0.004167671190285347,1.0,-0.04701947358105464,-0.03228514717703236
tenant-nsy,0.025816045662710105,0.08658998357104127,-0.04701947358105464,1.0,-0.06056792938288352
tenant-ntk,0.0015950493089075613,0.06659516544212661,-0.03228514717703236,-0.06056792938288352,1.0
