tenant_id,tenant-cpu,tenant-dsk,tenant-mem,tenant-nsy,tenant-ntk
tenant-cpu,1.0,0.19185932715827367,0.12219404548791446,0.05729310352306633,0.2751400981303152
tenant-dsk,0.19185932715827367,1.0,0.1072936888800804,0.06959490879981377,0.17340399379577723
tenant-mem,0.12219404548791446,0.1072936888800804,1.0,0.18023993486830095,0.2234505995780131
tenant-nsy,0.05729310352306633,0.06959490879981377,0.18023993486830095,1.0,0.06924064219660532
tenant-ntk,0.2751400981303152,0.17340399379577723,0.2234505995780131,0.06924064219660532,1.0
