tenant_id,tenant-cpu,tenant-dsk,tenant-mem,tenant-nsy,tenant-ntk
tenant-cpu,1.0,0.11871306208519655,0.26945277296111314,0.3590502265538968,0.16824572329592988
tenant-dsk,0.11871306208519655,1.0,0.10576944490390446,0.33000153918603065,0.2787226385528518
tenant-mem,0.26945277296111314,0.10576944490390446,1.0,0.23372611913847446,0.28464653677884555
tenant-nsy,0.3590502265538968,0.33000153918603065,0.23372611913847446,1.0,0.20987077956488392
tenant-ntk,0.16824572329592988,0.2787226385528518,0.28464653677884555,0.20987077956488392,1.0
