tenant_id,tenant-cpu,tenant-dsk,tenant-mem,tenant-nsy,tenant-ntk
tenant-cpu,1.0,0.20007844173690248,0.27800066142361796,0.21013707482514118,0.2265732847817129
tenant-dsk,0.20007844173690248,1.0,0.2068778974730629,-0.3654820568146989,0.1418547353802279
tenant-mem,0.27800066142361796,0.2068778974730629,1.0,0.15819426116900895,0.17999000600950654
tenant-nsy,0.21013707482514118,-0.3654820568146989,0.15819426116900895,1.0,0.23187221403073183
tenant-ntk,0.2265732847817129,0.1418547353802279,0.17999000600950654,0.23187221403073183,1.0
