tenant_id,tenant-cpu,tenant-dsk,tenant-mem,tenant-nsy,tenant-ntk
tenant-cpu,1324447671.8678856,-17049436230.356018,259474515.46297565,-48765030103.78953,314015574.957326
tenant-dsk,-17049436230.356018,5534607167916.257,3411383672.2244754,11349424709087.184,-27844701787.86371
tenant-mem,259474515.46297565,3411383672.2244754,1427172676.453489,-10485241311.611975,178271077.29667825
tenant-nsy,-48765030103.78953,11349424709087.184,-10485241311.611975,115500767064748.42,-53102573518.96935
tenant-ntk,314015574.957326,-27844701787.86371,178271077.29667825,-53102573518.96935,1801476192.0014215
