,tenant-cpu,tenant-dsk,tenant-mem,tenant-nsy,tenant-ntk
tenant-cpu,,0.0,0.0,0.0,0.0
tenant-dsk,0.0,,0.05794946222703864,0.13444021321604735,0.0
tenant-mem,0.0,0.03356029517793116,,0.00040758643855418725,0.0
tenant-nsy,0.0,0.04860578446292695,0.00024722248032132683,,0.0
tenant-ntk,0.0,0.0,0.0,0.0,
