tenant,stability_score
tenant-a,0.8965979167878843
tenant-c,0.6958297490933459
tenant-d,0.833560944297148
tenant-b,0.8384273721443994
