tenant_id,tenant-cpu,tenant-dsk,tenant-mem,tenant-nsy,tenant-ntk
tenant-cpu,916651557.3274107,-946981375.593972,-5142187433.678667,-431039014762.2574,-672148580.424002
tenant-dsk,-946981375.593972,313622166486.5854,-130143279313.5098,53886358032835.46,149125594928.1143
tenant-mem,-5142187433.678667,-130143279313.5098,2657790428887.438,42684083245798.52,-230851265772.30762
tenant-nsy,-431039014762.2574,53886358032835.46,42684083245798.52,5.27161929667719e+17,394909534864490.4
tenant-ntk,-672148580.424002,149125594928.1143,-230851265772.30762,394909534864490.4,2844167050819.535
