tenant_id,tenant-cpu,tenant-dsk,tenant-mem,tenant-nsy,tenant-ntk
tenant-cpu,0.0,0.0,0.0,0.0,0.0
tenant-dsk,0.0,35922.44281106752,-280862.5577619292,1728790435.34464,0.0
tenant-mem,0.0,-280862.5577619292,83372825.43817858,-17848303455.779346,0.0
tenant-nsy,0.0,1728790435.34464,-17848303455.779346,410922336848761.75,0.0
tenant-ntk,0.0,0.0,0.0,0.0,0.0
