tenant_id,tenant-cpu,tenant-dsk,tenant-mem,tenant-nsy,tenant-ntk
tenant-cpu,7525703256.705162,-6231537371.428567,369799927.4407274,-268784615872.19473,1285080351.3839917
tenant-dsk,-6231537371.428567,671415370757.1874,-40459879711.38388,19343995167342.492,-14024887084.698406
tenant-mem,369799927.4407274,-40459879711.38388,2237209890488.1523,63826916441614.06,22133179308.655163
tenant-nsy,-268784615872.19473,19343995167342.492,63826916441614.06,9.473151930495946e+16,16511415115103.709
tenant-ntk,1285080351.3839917,-14024887084.698406,22133179308.655163,16511415115103.709,51057264952.8601
