tenant_id,tenant-cpu,tenant-dsk,tenant-mem,tenant-nsy,tenant-ntk
tenant-cpu,2589954757.9733334,-648678346.627881,-8888602930.16566,4791166169.212136,-7237826555.86263
tenant-dsk,-648678346.627881,698918026674.838,-14285053769.955582,-253534068322.26367,-211991749584.42007
tenant-mem,-8888602930.16566,-14285053769.955582,2001376635728.1597,28037608872.080894,709296631104.6465
tenant-nsy,4791166169.212136,-253534068322.26367,28037608872.080894,22371877953618.75,898044039374.8751
tenant-ntk,-7237826555.86263,-211991749584.42007,709296631104.6465,898044039374.8751,965976512160.3231
