tenant_id,tenant-cpu,tenant-dsk,tenant-mem,tenant-nsy,tenant-ntk
tenant-cpu,,,,,
tenant-dsk,,1.0,0.008762657500952785,0.04405688085030737,
tenant-mem,,0.008762657500952785,1.0,-0.041932138943761445,
tenant-nsy,,0.04405688085030737,-0.041932138943761445,1.0,
tenant-ntk,,,,,
