tenant_id,tenant-cpu,tenant-dsk,tenant-mem,tenant-nsy,tenant-ntk
tenant-cpu,1.0,-0.10145866064481285,0.07638291814824581,0.007551133576545608,0.036216964724850656
tenant-dsk,-0.10145866064481285,1.0,-0.09622179615185303,0.030567439487351897,-0.2664831367253873
tenant-mem,0.07638291814824581,-0.09622179615185303,1.0,0.2390539650810722,0.3092624132369996
tenant-nsy,0.007551133576545608,0.030567439487351897,0.2390539650810722,1.0,0.41110045129320694
tenant-ntk,0.036216964724850656,-0.2664831367253873,0.3092624132369996,0.41110045129320694,1.0
