tenant_id,tenant-cpu,tenant-dsk,tenant-mem,tenant-nsy,tenant-ntk
tenant-cpu,19.42390211301169,279.23851037258714,289.5587381564674,1.0758401739244527,155.76692989274875
tenant-dsk,279.23851037258714,110453.16152460684,34980.75930577922,11.855540769980546,10503.768696894054
tenant-mem,289.5587381564674,34980.75930577922,88076.69679473818,150.8471829580284,15876.732472993197
tenant-nsy,1.0758401739244527,11.855540769980546,150.8471829580284,16.3614564484346,75.16065126526719
tenant-ntk,155.76692989274875,10503.768696894054,15876.732472993197,75.16065126526719,17203.046103888966
