tenant_id,tenant-cpu,tenant-dsk,tenant-mem,tenant-nsy,tenant-ntk
tenant-cpu,1493624046.054655,-877677630.0483168,-5317716350.022971,-5530767059.897026,-16039257695.911274
tenant-dsk,-877677630.0483168,483481651267.3203,-122527435318.95132,1079324849596.0715,-144834386829.231
tenant-mem,-5317716350.022971,-122527435318.95132,1582230826003.8723,-2273848067501.47,1001411421947.6396
tenant-nsy,-5530767059.897026,1079324849596.0715,-2273848067501.47,41157519780228.43,53280544372.999855
tenant-ntk,-16039257695.911274,-144834386829.231,1001411421947.6396,53280544372.999855,3283289593259.8506
