tenant_id,tenant-cpu,tenant-dsk,tenant-mem,tenant-nsy,tenant-ntk
tenant-cpu,1.763869382713645e-08,2.2602606946698067e-08,3.111345792393002e-08,7.516323886162361e-06,2.3316487379239538e-09
tenant-dsk,2.2602606946698067e-08,2.3368486294958403e-06,3.5840706094920123e-07,0.00019137905883164706,3.208275959142752e-08
tenant-mem,3.111345792393002e-08,3.5840706094920123e-07,5.469679171877726e-07,6.985048293125529e-05,2.3436423721893727e-08
tenant-nsy,7.516323886162361e-06,0.00019137905883164706,6.985048293125529e-05,0.3241426314452662,-3.856384470897444e-06
tenant-ntk,2.3316487379239538e-09,3.208275959142752e-08,2.3436423721893727e-08,-3.856384470897444e-06,1.0922893358004143e-08
