tenant_id,tenant-cpu,tenant-dsk,tenant-mem,tenant-nsy,tenant-ntk
tenant-cpu,1862982964.320795,5246486684.096318,-9719377607.807377,148768793989.4251,2706142404.2411947
tenant-dsk,5246486684.096318,484468317844.455,-205964083271.73114,-30757019213193.105,99960875283.10448
tenant-mem,-9719377607.807377,-205964083271.73114,2762663859179.4155,-58014537157885.74,154702371939.649
tenant-nsy,148768793989.4251,-30757019213193.105,-58014537157885.74,7.1801590512906456e+16,-39256650293585.47
tenant-ntk,2706142404.2411947,99960875283.10448,154702371939.649,-39256650293585.47,1459323066396.1218
