tenant_id,tenant-cpu,tenant-dsk,tenant-mem,tenant-nsy,tenant-ntk
tenant-cpu,1076358153.980511,-2821903436.7073255,3503574197.07491,78396585203.2396,1951034642.606514
tenant-dsk,-2821903436.7073255,718702642977.0071,-114047232463.66585,8200498864116.594,-370952994113.3722
tenant-mem,3503574197.07491,-114047232463.66585,1954669519659.6704,105764327582091.14,709967288092.6725
tenant-nsy,78396585203.2396,8200498864116.594,105764327582091.14,1.0014128994959098e+17,213613685165428.78
tenant-ntk,1951034642.606514,-370952994113.3722,709967288092.6725,213613685165428.78,2696181076519.3804
