,tenant-cpu,tenant-dsk,tenant-mem,tenant-nsy,tenant-ntk
tenant-cpu,,2.553472723815188e-157,,,
tenant-dsk,8.582055820466161e-85,,8.134300722546409e-69,,2.3612881658718955e-88
tenant-mem,2.8006213341902385e-61,6.176364684809443e-08,,,2.8006213341902385e-61
tenant-nsy,,,,,
tenant-ntk,,3.891068065600778e-109,,,
