tenant_id,tenant-cpu,tenant-dsk,tenant-mem,tenant-nsy,tenant-ntk
tenant-cpu,1.0,0.37529829735331166,0.16337589105847608,0.29454800722436747,0.11083726989303744
tenant-dsk,0.37529829735331166,1.0,0.36122167029974905,0.13009534005163942,0.42299493317316217
tenant-mem,0.16337589105847608,0.36122167029974905,1.0,0.011614981301982588,0.3721808863926971
tenant-nsy,0.29454800722436747,0.13009534005163942,0.011614981301982588,1.0,-0.08692918761219946
tenant-ntk,0.11083726989303744,0.42299493317316217,0.3721808863926971,-0.08692918761219946,1.0
