tenant_id,tenant-cpu,tenant-dsk,tenant-mem,tenant-nsy,tenant-ntk
tenant-cpu,1.0,0.23991630796317093,0.19753962051648669,0.19811366815280945,0.027058532760558286
tenant-dsk,0.23991630796317093,1.0,0.1944861251066949,0.22979208385431543,0.07219166303215209
tenant-mem,0.19753962051648669,0.1944861251066949,1.0,0.174163592406121,-0.06319425187207955
tenant-nsy,0.19811366815280945,0.22979208385431543,0.174163592406121,1.0,-0.010922414578165354
tenant-ntk,0.027058532760558286,0.07219166303215209,-0.06319425187207955,-0.010922414578165354,1.0
