tenant_id,tenant-cpu,tenant-dsk,tenant-mem,tenant-nsy,tenant-ntk
tenant-cpu,1.0,0.2561942662258787,0.16400637927938405,0.3266922922420946,0.20733090177415203
tenant-dsk,0.2561942662258787,1.0,0.43724747153314747,0.20969171963582026,0.417599292252212
tenant-mem,0.16400637927938405,0.43724747153314747,1.0,0.16883630499421942,0.37915588734948025
tenant-nsy,0.3266922922420946,0.20969171963582026,0.16883630499421942,1.0,0.13873151334153122
tenant-ntk,0.20733090177415203,0.417599292252212,0.37915588734948025,0.13873151334153122,1.0
