tenant_id,tenant-cpu,tenant-dsk,tenant-mem,tenant-nsy,tenant-ntk
tenant-cpu,1.0,0.03348899397210508,0.15129649513719673,0.01214934307169145,0.047671147799713494
tenant-dsk,0.03348899397210508,1.0,-0.13179301531402154,0.06887087940242351,-0.07869884994316703
tenant-mem,0.15129649513719673,-0.13179301531402154,1.0,-0.12315670226493236,-0.06901810017482402
tenant-nsy,0.01214934307169145,0.06887087940242351,-0.12315670226493236,1.0,0.185014007499075
tenant-ntk,0.047671147799713494,-0.07869884994316703,-0.06901810017482402,0.185014007499075,1.0
