tenant_id,tenant-cpu,tenant-dsk,tenant-mem,tenant-nsy,tenant-ntk
tenant-cpu,1.0,0.17600710069529527,0.14282485103755715,-0.10570361108463035,0.13079851854882046
tenant-dsk,0.17600710069529527,1.0,0.06498776963630966,-0.08513857695593784,0.17571486873208192
tenant-mem,0.14282485103755715,0.06498776963630966,1.0,0.042542303404968576,0.25722534688764426
tenant-nsy,-0.10570361108463035,-0.08513857695593784,0.042542303404968576,1.0,-0.004511613213470577
tenant-ntk,0.13079851854882046,0.17571486873208192,0.25722534688764426,-0.004511613213470577,1.0
