tenant_id,tenant-cpu,tenant-dsk,tenant-mem,tenant-nsy,tenant-ntk
tenant-cpu,1.0,-0.023368900269911033,-0.03872253175042296,0.003774754859628314,-0.06939994870507765
tenant-dsk,-0.023368900269911033,1.0,0.0008152435356599694,-0.20389806551669148,0.06492937533503793
tenant-mem,-0.03872253175042296,0.0008152435356599694,1.0,0.043432692635006535,-0.01857937834462684
tenant-nsy,0.003774754859628314,-0.20389806551669148,0.043432692635006535,1.0,0.014004048803709769
tenant-ntk,-0.06939994870507765,0.06492937533503793,-0.01857937834462684,0.014004048803709769,1.0
