tenant_id,tenant-cpu,tenant-dsk,tenant-mem,tenant-nsy,tenant-ntk
tenant-cpu,1.0,0.05835702544563927,0.007324337805411444,-0.08042574264138841,0.04258246964538223
tenant-dsk,0.05835702544563927,1.0,-0.008973628373777957,-0.006144389239267561,-0.08430660847499187
tenant-mem,0.007324337805411444,-0.008973628373777957,1.0,0.02388754966214748,0.0395066537568968
tenant-nsy,-0.08042574264138841,-0.006144389239267561,0.02388754966214748,1.0,0.017695486528539032
tenant-ntk,0.04258246964538223,-0.08430660847499187,0.0395066537568968,0.017695486528539032,1.0
