tenant_id,tenant-cpu,tenant-dsk,tenant-mem,tenant-ntk
tenant-cpu,13789634239.976704,7079284416.873892,-11019341622.1161,-774508324.1708657
tenant-dsk,7079284416.873892,211363398232.56726,127726179044.8392,-2256448572.63994
tenant-mem,-11019341622.1161,127726179044.8392,2109185555262.116,-7160732624.669444
tenant-ntk,-774508324.1708657,-2256448572.63994,-7160732624.669444,12121451580.639948
