tenant_id,tenant-cpu,tenant-dsk,tenant-mem,tenant-ntk
tenant-cpu,1727105512.6181352,5417761385.75398,11846469561.521984,-187635870.53863418
tenant-dsk,5417761385.75398,634933751623.9005,64295595641.046364,2349711375.366278
tenant-mem,11846469561.521984,64295595641.046364,1738345960475.704,-5950184719.643319
tenant-ntk,-187635870.53863418,2349711375.366278,-5950184719.643319,12340820682.679758
