tenant_id,tenant-cpu,tenant-dsk,tenant-mem,tenant-nsy,tenant-ntk
tenant-cpu,1431299493.2144206,-975697536.0191512,-2278740321.642378,1022425459.1099839,-195922887.46012285
tenant-dsk,-975697536.0191512,1217932861941.3494,1399474121.1456313,-1611025531956.2498,5347042837.987726
tenant-mem,-2278740321.642378,1399474121.1456313,2419533656401.7085,483682341099.9664,-2156541286.0858917
tenant-nsy,1022425459.1099839,-1611025531956.2498,483682341099.9664,51257248218630.98,7481557595.0920515
tenant-ntk,-195922887.46012285,5347042837.987726,-2156541286.0858917,7481557595.0920515,5568285941.006135
