tenant_id,tenant-cpu,tenant-dsk,tenant-mem,tenant-nsy,tenant-ntk
tenant-cpu,1335451205.4873557,701055664.8977995,8272968095.238657,3508767197.141395,113390557.83091423
tenant-dsk,701055664.8977995,328150279824.5674,-112965870586.6371,311788264146.914,-2934350894.1206055
tenant-mem,8272968095.238657,-112965870586.6371,2238911564201.6577,-1456344994099.0613,-6721848828.245999
tenant-nsy,3508767197.141395,311788264146.914,-1456344994099.0613,62456190695250.81,95169903144.52788
tenant-ntk,113390557.83091423,-2934350894.1206055,-6721848828.245999,95169903144.52788,4236571513.3155766
