tenant_id,causality_impact_score,causality_affected_score,correlation_strength,phase_variation,noisy_score,metrics_count
tenant-b,0.4013110251034018,0.0,0.13286755773988632,27.65119353241253,5.770754486356173,20
tenant-d,0.46537070133552055,0.0,0.14332324328330937,3.057431243736669,0.8871685724000868,28
tenant-c,0.4304401397936971,0.0,0.15123770959257507,2.2362493828693357,0.7078412593484882,28
tenant-a,0.41544456866252777,0.0,0.14256753029938968,0.25861502853123586,0.30221554912732795,28
