tenant_id,tenant-cpu,tenant-dsk,tenant-mem,tenant-nsy,tenant-ntk
tenant-cpu,1.0,0.13314448686895564,0.048660907661948936,0.0007391492563109975,0.08182654270991874
tenant-dsk,0.13314448686895564,1.0,0.05389131982517265,-0.013629175508477627,0.156902372848959
tenant-mem,0.048660907661948936,0.05389131982517265,1.0,-0.030701288093812718,0.14441727197720938
tenant-nsy,0.0007391492563109975,-0.013629175508477627,-0.030701288093812718,1.0,-0.13619661335731303
tenant-ntk,0.08182654270991874,0.156902372848959,0.14441727197720938,-0.13619661335731303,1.0
