tenant_id,tenant-cpu,tenant-dsk,tenant-mem,tenant-nsy,tenant-ntk
tenant-cpu,1.0,0.36959372706180305,0.3185973057205543,-0.41377442324896174,0.3021958692911251
tenant-dsk,0.36959372706180305,1.0,0.4433141439629997,-0.3809512346814932,0.22006354183598145
tenant-mem,0.3185973057205543,0.4433141439629997,1.0,-0.2969626842243328,0.08013773405216958
tenant-nsy,-0.41377442324896174,-0.3809512346814932,-0.2969626842243328,1.0,-0.16500967541726727
tenant-ntk,0.3021958692911251,0.22006354183598145,0.08013773405216958,-0.16500967541726727,1.0
