tenant_id,tenant-cpu,tenant-dsk,tenant-mem,tenant-nsy,tenant-ntk
tenant-cpu,0.05402035114637101,0.0025579793729574385,0.02142445180318884,-0.02510481261322276,0.01788375723842032
tenant-dsk,0.0025579793729574385,0.007373448711883135,0.0016962667402822416,0.005779965176334516,0.004434880662526788
tenant-mem,0.02142445180318884,0.0016962667402822416,0.05101105005987382,-0.0276642785342684,0.015361487148400955
tenant-nsy,-0.02510481261322276,0.005779965176334516,-0.0276642785342684,0.16636188914000052,0.006661140458159833
tenant-ntk,0.01788375723842032,0.004434880662526788,0.015361487148400955,0.006661140458159833,0.04744390799824298
