tenant_id,tenant-cpu,tenant-dsk,tenant-mem,tenant-ntk
tenant-cpu,1728114979.183661,986483878947.96,668658511.3207374,565028901.8442814
tenant-dsk,986483878947.96,2428089285637797.5,1235943190534.5422,178981425691.2389
tenant-mem,668658511.3207374,1235943190534.5422,1801129320.6368554,426945871.4693762
tenant-ntk,565028901.8442814,178981425691.2389,426945871.4693762,1585805605.4305634
