tenant_id,tenant-cpu,tenant-dsk,tenant-mem,tenant-nsy,tenant-ntk
tenant-cpu,1533020263.1306093,23240842524.149433,373368884.6394045,366959301.50383353,32553981.34463174
tenant-dsk,23240842524.149433,3945129190398.2124,29862167172.629627,20043988349.204105,20907358376.29708
tenant-mem,373368884.6394045,29862167172.629627,1697002053.806408,528841688.8103077,396962365.8527162
tenant-nsy,366959301.50383353,20043988349.204105,528841688.8103077,2488191575.590397,261975078.43841723
tenant-ntk,32553981.34463174,20907358376.29708,396962365.8527162,261975078.43841723,1601369381.8439913
