tenant_id,tenant-cpu,tenant-dsk,tenant-mem,tenant-nsy,tenant-ntk
tenant-cpu,0.027866611564427997,0.000948227098832889,0.01678427652561544,-0.004739663570345374,0.016733408794680764
tenant-dsk,0.000948227098832889,0.007428220755005785,0.001369622623169807,0.009845858465880838,0.0052942719577013745
tenant-mem,0.01678427652561544,0.001369622623169807,0.03718201790876137,-0.0275200948454748,0.01303235601059259
tenant-nsy,-0.004739663570345374,0.009845858465880838,-0.0275200948454748,0.21952187495042386,0.040142061670333004
tenant-ntk,0.016733408794680764,0.0052942719577013745,0.01303235601059259,0.040142061670333004,0.06892649089329476
