tenant_id,tenant-cpu,tenant-dsk,tenant-mem,tenant-nsy,tenant-ntk
tenant-cpu,94148151531.55208,-131533981597.79037,197577806.53751674,-356113133217.123,2578112728.8370624
tenant-dsk,-131533981597.79037,4456785720949.591,-5084485618.8057995,10659829219744.123,-35719180999.49046
tenant-mem,197577806.53751674,-5084485618.8057995,1330796565.4860983,-7518106589.808267,459814238.4512624
tenant-nsy,-356113133217.123,10659829219744.123,-7518106589.808267,51166901732332.984,-78898674786.51758
tenant-ntk,2578112728.8370624,-35719180999.49046,459814238.4512624,-78898674786.51758,1821007740.6889808
