tenant_id,tenant-cpu,tenant-dsk,tenant-mem,tenant-nsy,tenant-ntk
tenant-cpu,1.0,0.13437860348609304,0.2790246450294882,0.2134335484350018,0.236185924819356
tenant-dsk,0.13437860348609304,1.0,0.4398538742326748,0.33017971059889467,0.24867126406247908
tenant-mem,0.2790246450294882,0.4398538742326748,1.0,0.29243211265576946,0.30813452086900317
tenant-nsy,0.2134335484350018,0.33017971059889467,0.29243211265576946,1.0,0.34065450979904627
tenant-ntk,0.236185924819356,0.24867126406247908,0.30813452086900317,0.34065450979904627,1.0
