tenant_id,tenant-cpu,tenant-dsk,tenant-mem,tenant-nsy,tenant-ntk
tenant-cpu,1.0,0.15678647205242138,0.25373311215459626,0.17535115961043835,0.16533784356416434
tenant-dsk,0.15678647205242138,1.0,0.4179653565850495,0.2514840670547113,0.43878094937281453
tenant-mem,0.25373311215459626,0.4179653565850495,1.0,0.028661893611512553,0.27813421681397466
tenant-nsy,0.17535115961043835,0.2514840670547113,0.028661893611512553,1.0,0.1252418674492643
tenant-ntk,0.16533784356416434,0.43878094937281453,0.27813421681397466,0.1252418674492643,1.0
