tenant_id,tenant-cpu,tenant-dsk,tenant-mem,tenant-nsy,tenant-ntk
tenant-cpu,1.0,-0.06545979010734243,-0.25234444969829745,-0.06809601864896676,0.1736642547357727
tenant-dsk,-0.06545979010734243,1.0,-0.11895199092572765,0.13634636157026586,0.13237790609236172
tenant-mem,-0.25234444969829745,-0.11895199092572765,1.0,0.08837220849174464,-0.14912403193136453
tenant-nsy,-0.06809601864896676,0.13634636157026586,0.08837220849174464,1.0,0.05147386862283507
tenant-ntk,0.1736642547357727,0.13237790609236172,-0.14912403193136453,0.05147386862283507,1.0
