tenant_id,tenant-cpu,tenant-dsk,tenant-mem,tenant-nsy,tenant-ntk
tenant-cpu,1.0,0.09244567640517745,0.06720245770821295,-0.12498855448201177,0.05402758831014347
tenant-dsk,0.09244567640517745,1.0,0.14796061918204648,-0.03387988024565063,0.2381386365872714
tenant-mem,0.06720245770821295,0.14796061918204648,1.0,-0.09214490091543692,0.2862735247004124
tenant-nsy,-0.12498855448201177,-0.03387988024565063,-0.09214490091543692,1.0,-0.12671932705042507
tenant-ntk,0.05402758831014347,0.2381386365872714,0.2862735247004124,-0.12671932705042507,1.0
