tenant_id,tenant-cpu,tenant-dsk,tenant-mem,tenant-nsy,tenant-ntk
tenant-cpu,1.0,-0.04061449299217342,-0.012220681135985444,0.24561563413573914,-0.11373721972260421
tenant-dsk,-0.04061449299217342,1.0,-0.07416748354491515,0.041594193472876295,0.05930475829993496
tenant-mem,-0.012220681135985444,-0.07416748354491515,1.0,0.10052327507900456,-0.1953333907920063
tenant-nsy,0.24561563413573914,0.041594193472876295,0.10052327507900456,1.0,-0.02884305160380023
tenant-ntk,-0.11373721972260421,0.05930475829993496,-0.1953333907920063,-0.02884305160380023,1.0
