tenant_id,tenant-cpu,tenant-dsk,tenant-mem,tenant-nsy,tenant-ntk
tenant-cpu,14.546872878263372,229.3849296751383,433.9752989251703,8.361570186702625,26.257808319285846
tenant-dsk,229.3849296751383,88820.85834800423,16225.746288937851,1422.296432789778,4459.141625711981
tenant-mem,433.9752989251703,16225.746288937851,152831.88243990656,78.52856915722045,2597.502646665321
tenant-nsy,8.361570186702625,1422.296432789778,78.52856915722045,304.404125558859,267.92965626165096
tenant-ntk,26.257808319285846,4459.141625711981,2597.502646665321,267.92965626165096,2964.086200478345
