tenant_id,tenant-cpu,tenant-dsk,tenant-mem,tenant-nsy,tenant-ntk
tenant-cpu,15.910335958570748,321.80770826479767,197.41651840736284,16.985438267473718,6.078630989199287
tenant-dsk,321.80770826479767,107809.66814526664,679.3086157057862,219.27897301447652,716.1984990910145
tenant-mem,197.41651840736284,679.3086157057862,197492.55897160928,-498.7357065374637,7039.0725095561465
tenant-nsy,16.985438267473718,219.27897301447652,-498.7357065374637,370.2284971038192,185.2686054461393
tenant-ntk,6.078630989199287,716.1984990910145,7039.0725095561465,185.2686054461393,3675.031958797089
