tenant_id,tenant-cpu,tenant-dsk,tenant-mem,tenant-nsy,tenant-ntk
tenant-cpu,13.80167661355208,269.23500855509354,132.6301208080976,4.627703401515156,39.39445356460104
tenant-dsk,269.23500855509354,108027.21605455778,21131.265800678568,-649.4353668922666,2639.734771483306
tenant-mem,132.6301208080976,21131.265800678568,161192.8397245532,-632.7720545644601,2197.374851703942
tenant-nsy,4.627703401515156,-649.4353668922666,-632.7720545644601,769.0801962544393,5.843282046166393
tenant-ntk,39.39445356460104,2639.734771483306,2197.374851703942,5.843282046166393,3347.5614996292284
