tenant_id,tenant-cpu,tenant-dsk,tenant-mem,tenant-nsy,tenant-ntk
tenant-cpu,1131255817.4999266,-702393725.0695783,-616421476.2088869,59391600704.047905,-292382465.3407158
tenant-dsk,-702393725.0695783,264385935508.01495,-57191917019.14949,153758980921.88055,2330649776.055065
tenant-mem,-616421476.2088869,-57191917019.14949,2249074655886.575,1083820036729.1252,-22389620270.197216
tenant-nsy,59391600704.047905,153758980921.88055,1083820036729.1252,51686511408405.195,-15848863325.696852
tenant-ntk,-292382465.3407158,2330649776.055065,-22389620270.197216,-15848863325.696852,5841664437.303002
