tenant_id,tenant-cpu,tenant-dsk,tenant-mem,tenant-ntk
tenant-cpu,187474888.66661707,-432039637.9828306,-2732589207.2987514,-3944661.059375283
tenant-dsk,-432039637.9828306,319626227939.2438,143582727970.6665,-2360969818.0922008
tenant-mem,-2732589207.2987514,143582727970.6665,1882547841066.406,307905064.0040401
tenant-ntk,-3944661.059375283,-2360969818.0922008,307905064.0040401,1130191993.5265858
