tenant_id,tenant-cpu,tenant-dsk,tenant-mem,tenant-nsy,tenant-ntk
tenant-cpu,832175520.0047877,141585845.4562321,-4331618345.677095,33660727449.837513,-52304847.427801944
tenant-dsk,141585845.4562321,457287006745.8182,-26639082223.41351,1450258486616.602,3037494496.7804847
tenant-mem,-4331618345.677095,-26639082223.41351,2090791250432.6902,-1995504548819.1055,-1335636349.8357012
tenant-nsy,33660727449.837513,1450258486616.602,-1995504548819.1055,70685110311554.05,3602081831.5319676
tenant-ntk,-52304847.427801944,3037494496.7804847,-1335636349.8357012,3602081831.5319676,3096590062.340863
