tenant_id,tenant-cpu,tenant-dsk,tenant-mem,tenant-nsy,tenant-ntk
tenant-cpu,1.0,0.12556291811345252,0.5770644813735376,-0.4778230083774811,0.2900824265248186
tenant-dsk,0.12556291811345252,1.0,0.13321805906428766,0.05813171166312329,0.3678106465314059
tenant-mem,0.5770644813735376,0.13321805906428766,1.0,-0.4584492596350382,0.30865215410530594
tenant-nsy,-0.4778230083774811,0.05813171166312329,-0.4584492596350382,1.0,0.10844199969425486
tenant-ntk,0.2900824265248186,0.3678106465314059,0.30865215410530594,0.10844199969425486,1.0
