tenant_id,tenant-cpu,tenant-dsk,tenant-mem,tenant-nsy,tenant-ntk
tenant-cpu,1.0,-0.0951152030502828,0.2994080421964939,0.09623861618664936,-0.15640903132355077
tenant-dsk,-0.0951152030502828,1.0,-0.029928874394321375,0.04883495565909067,0.00048778531684455756
tenant-mem,0.2994080421964939,-0.029928874394321375,1.0,-0.06151918830299325,0.005545598481140435
tenant-nsy,0.09623861618664936,0.04883495565909067,-0.06151918830299325,1.0,0.1882102940752382
tenant-ntk,-0.15640903132355077,0.00048778531684455756,0.005545598481140435,0.1882102940752382,1.0
