tenant_id,tenant-cpu,tenant-dsk,tenant-mem,tenant-nsy,tenant-ntk
tenant-cpu,1.0,0.12816900262705072,0.4081303438010902,-0.2648203534851402,0.3532562358505258
tenant-dsk,0.12816900262705072,1.0,0.08746346589750509,0.1650300260731374,0.2371135531951626
tenant-mem,0.4081303438010902,0.08746346589750509,1.0,-0.3003034317089353,0.3122560794164048
tenant-nsy,-0.2648203534851402,0.1650300260731374,-0.3003034317089353,1.0,0.0749775840152477
tenant-ntk,0.3532562358505258,0.2371135531951626,0.3122560794164048,0.0749775840152477,1.0
