tenant_id,tenant-cpu,tenant-dsk,tenant-mem,tenant-nsy,tenant-ntk
tenant-cpu,1.0,-0.14350452308838585,0.007197335260209667,0.00039591614799975607,0.11689398857546467
tenant-dsk,-0.14350452308838585,1.0,0.058047769428632566,-0.09046787459029264,-0.058641081391814544
tenant-mem,0.007197335260209667,0.058047769428632566,1.0,-0.05121070460532947,-0.05593658684107375
tenant-nsy,0.00039591614799975607,-0.09046787459029264,-0.05121070460532947,1.0,0.1306554868684315
tenant-ntk,0.11689398857546467,-0.058641081391814544,-0.05593658684107375,0.1306554868684315,1.0
