tenant_id,tenant-cpu,tenant-dsk,tenant-mem,tenant-nsy,tenant-ntk
tenant-cpu,1.0,0.0846321775856703,0.15464314591284611,-0.08811500691353807,0.1341696043983947
tenant-dsk,0.0846321775856703,1.0,0.16583538466436518,0.12439080519140239,0.15990257003647287
tenant-mem,0.15464314591284611,0.16583538466436518,1.0,0.2667831754204381,0.027403827691537715
tenant-nsy,-0.08811500691353807,0.12439080519140239,0.2667831754204381,1.0,0.09602002171806483
tenant-ntk,0.1341696043983947,0.15990257003647287,0.027403827691537715,0.09602002171806483,1.0
