tenant_id,tenant-cpu,tenant-dsk,tenant-mem,tenant-nsy,tenant-ntk
tenant-cpu,1.0,0.06590644398918422,0.5214276610488637,-0.06059914994077368,0.3818117193972499
tenant-dsk,0.06590644398918422,1.0,0.08241230141000881,0.24382166122389945,0.23397570321480596
tenant-mem,0.5214276610488637,0.08241230141000881,1.0,-0.3046102736463342,0.2574324992736152
tenant-nsy,-0.06059914994077368,0.24382166122389945,-0.3046102736463342,1.0,0.32633803017604396
tenant-ntk,0.3818117193972499,0.23397570321480596,0.2574324992736152,0.32633803017604396,1.0
