tenant_id,tenant-cpu,tenant-dsk,tenant-mem,tenant-nsy,tenant-ntk
tenant-cpu,0.06064720868455005,0.0036730337898927623,0.033773858505520886,-0.07902741786032268,0.017504267139969117
tenant-dsk,0.0036730337898927623,0.008996773302412464,0.004024543413864373,0.002603873969844084,0.006229733571589181
tenant-mem,0.033773858505520886,0.004024543413864373,0.04940631608557484,-0.05586213162942096,0.01342407712995298
tenant-nsy,-0.07902741786032268,0.002603873969844084,-0.05586213162942096,0.2760324466888065,0.013535792964494338
tenant-ntk,0.017504267139969117,0.006229733571589181,0.01342407712995298,0.013535792964494338,0.050921646749706416
