tenant_id,tenant-cpu,tenant-dsk,tenant-mem,tenant-nsy,tenant-ntk
tenant-cpu,27384520000.382397,-17441728132.750404,1350246211.3120315,10700277318.240812,1695231579.4287875
tenant-dsk,-17441728132.750404,522088767617.9674,3284848833.9143543,276176532611.7183,1082520761.2315693
tenant-mem,1350246211.3120315,3284848833.9143543,1167545322.0217462,2916094402.975126,364169266.669972
tenant-nsy,10700277318.240812,276176532611.7183,2916094402.975126,550763828928.1307,1934992247.809937
tenant-ntk,1695231579.4287875,1082520761.2315693,364169266.669972,1934992247.809937,1310860952.6657956
