tenant_id,tenant-cpu,tenant-dsk,tenant-mem,tenant-nsy,tenant-ntk
tenant-cpu,32156.016197678982,4066.527541840946,5358.242110650276,-9301829535.43297,268784.5614307771
tenant-dsk,4066.527541840946,42604.19247247262,-1462.1818893826396,-1620897267.853968,53905.17129615014
tenant-mem,5358.242110650276,-1462.1818893826396,31825.537791255,-6358550439.968492,321118.57537127566
tenant-nsy,-9301829535.43297,-1620897267.853968,-6358550439.968492,2.96581560286513e+17,-4668070518395.539
tenant-ntk,268784.5614307771,53905.17129615014,321118.57537127566,-4668070518395.539,920140608.899317
