tenant_id,tenant-cpu,tenant-dsk,tenant-mem,tenant-nsy,tenant-ntk
tenant-cpu,4465111069.103486,-8076744956.1696,503213364.94217247,1254791281.5968153,-398474127.392105
tenant-dsk,-8076744956.1696,5111202612784.942,24846631431.6828,-21994920370.938633,41590472868.680626
tenant-mem,503213364.94217247,24846631431.6828,1804214868.8574135,-89700095.29600736,744887800.1349645
tenant-nsy,1254791281.5968153,-21994920370.938633,-89700095.29600736,1384964325.5579932,-339785685.05145943
tenant-ntk,-398474127.392105,41590472868.680626,744887800.1349645,-339785685.05145943,2790904419.801886
