tenant_id,tenant-cpu,tenant-dsk,tenant-mem,tenant-nsy,tenant-ntk
tenant-cpu,1321978516.3857768,5690928233.747687,407784178.4547962,420567386.1851337,386488044.59322774
tenant-dsk,5690928233.747687,3146945996618.102,9057030965.980133,8137302493.43667,13177966400.338903
tenant-mem,407784178.4547962,9057030965.980133,1502613357.4321632,434529707.22017163,513650792.4063397
tenant-nsy,420567386.1851337,8137302493.43667,434529707.22017163,1743292539.339727,265568053.87069228
tenant-ntk,386488044.59322774,13177966400.338903,513650792.4063397,265568053.87069228,1759944166.227877
