tenant_id,tenant-cpu,tenant-dsk,tenant-mem,tenant-nsy,tenant-ntk
tenant-cpu,1.0,0.2465280652267118,0.40783346444327667,0.26466908567393554,0.4926859217400726
tenant-dsk,0.2465280652267118,1.0,0.19701297076083282,0.4435109409225086,0.2885744426703394
tenant-mem,0.40783346444327667,0.19701297076083282,1.0,0.1885718080242084,0.3461550735756574
tenant-nsy,0.26466908567393554,0.4435109409225086,0.1885718080242084,1.0,0.23411473233266014
tenant-ntk,0.4926859217400726,0.2885744426703394,0.3461550735756574,0.23411473233266014,1.0
