tenant_id,tenant-cpu,tenant-dsk,tenant-mem,tenant-nsy,tenant-ntk
tenant-cpu,1.0,0.24428523831001847,0.20386036354186135,0.09859989926502566,0.2356151890065979
tenant-dsk,0.24428523831001847,1.0,0.3043070375608999,0.24738532768525906,0.22424862465330228
tenant-mem,0.20386036354186135,0.3043070375608999,1.0,0.24636244226971243,0.11203491212994851
tenant-nsy,0.09859989926502566,0.24738532768525906,0.24636244226971243,1.0,-0.022958284394837825
tenant-ntk,0.2356151890065979,0.22424862465330228,0.11203491212994851,-0.022958284394837825,1.0
