tenant_id,tenant-cpu,tenant-dsk,tenant-mem,tenant-nsy,tenant-ntk
tenant-cpu,1.0,0.03370235506194464,0.1645902414111877,0.1982168177797082,0.18533580947441192
tenant-dsk,0.03370235506194464,1.0,0.19927625149256625,0.1331271202406186,0.17969398840814632
tenant-mem,0.1645902414111877,0.19927625149256625,1.0,0.17363841754117448,0.21419718003326066
tenant-nsy,0.1982168177797082,0.1331271202406186,0.17363841754117448,1.0,0.20055464730325268
tenant-ntk,0.18533580947441192,0.17969398840814632,0.21419718003326066,0.20055464730325268,1.0
