tenant_id,tenant-cpu,tenant-dsk,tenant-mem,tenant-nsy,tenant-ntk
tenant-cpu,1.0,0.11084687613656478,0.3086002715918701,0.05086270565939736,0.1360267685270424
tenant-dsk,0.11084687613656478,1.0,0.008962991046943076,-0.1078663401304444,0.17572052825616383
tenant-mem,0.3086002715918701,0.008962991046943076,1.0,0.1270102369354961,0.176447436585915
tenant-nsy,0.05086270565939736,-0.1078663401304444,0.1270102369354961,1.0,0.0700794906032515
tenant-ntk,0.1360267685270424,0.17572052825616383,0.176447436585915,0.0700794906032515,1.0
