tenant_id,tenant-cpu,tenant-dsk,tenant-mem,tenant-ntk
tenant-cpu,1684752848.195481,709959033981.9417,662920028.5047041,731058758.1228188
tenant-dsk,709959033981.9417,1370416232477049.5,817291074704.1312,759979863631.2952
tenant-mem,662920028.5047041,817291074704.1312,1849367280.1589131,527127100.7280083
tenant-ntk,731058758.1228188,759979863631.2952,527127100.7280083,1858930988.2896779
