tenant_id,tenant-cpu,tenant-dsk,tenant-mem,tenant-nsy,tenant-ntk
tenant-cpu,2078894746.705837,43436606043.891785,738247285.3629699,-3489589442.271571,1003240313.2699875
tenant-dsk,43436606043.891785,5760153099425.713,38708012924.327995,-242572422412.17712,56052579939.59775
tenant-mem,738247285.3629699,38708012924.327995,1735387817.8586833,44594004.95202688,816084085.0639
tenant-nsy,-3489589442.271571,-242572422412.17712,44594004.95202688,137397765105.64276,1258396133.238307
tenant-ntk,1003240313.2699875,56052579939.59775,816084085.0639,1258396133.238307,2986260567.9668713
