tenant_id,tenant-cpu,tenant-dsk,tenant-mem,tenant-nsy,tenant-ntk
tenant-cpu,44541.65488422538,1901.3121644410658,15743.61960641976,5641275676.970949,425691.08051896404
tenant-dsk,1901.3121644410658,45669.17314524684,2768.4882066143396,-2328721526.5705485,768341.5680014078
tenant-mem,15743.61960641976,2768.4882066143396,55892.30371983743,-2539603552.101437,532894.1859930654
tenant-nsy,5641275676.970949,-2328721526.5705485,-2539603552.101437,1.6837824764315456e+17,-1241719359311.005
tenant-ntk,425691.08051896404,768341.5680014078,532894.1859930654,-1241719359311.005,752701855.10272
