tenant_id,tenant-cpu,tenant-dsk,tenant-mem,tenant-nsy,tenant-ntk
tenant-cpu,0.12250526179253991,0.007325972395696246,0.07904028225792398,-0.1033574930464479,0.021363135959754417
tenant-dsk,0.007325972395696246,0.01878612564314041,0.005072609628217377,-0.004852196733894867,0.019111861367412303
tenant-mem,0.07904028225792398,0.005072609628217377,0.13817243688974645,-0.10000797164360639,0.017211419184870076
tenant-nsy,-0.1033574930464479,-0.004852196733894867,-0.10000797164360639,0.197452995653895,-0.004900924634812295
tenant-ntk,0.021363135959754417,0.019111861367412303,0.017211419184870076,-0.004900924634812295,0.06908122751025321
