tenant_id,tenant-cpu,tenant-dsk,tenant-mem,tenant-nsy,tenant-ntk
tenant-cpu,,,,,
tenant-dsk,,1.0,-0.17110182947358657,-0.0862183222981719,
tenant-mem,,-0.17110182947358657,1.0,-0.06505075942848011,
tenant-nsy,,-0.0862183222981719,-0.06505075942848011,1.0,
tenant-ntk,,,,,
