tenant_id,tenant-cpu,tenant-dsk,tenant-mem,tenant-nsy,tenant-ntk
tenant-cpu,1.0,0.0088150415533685,-0.018070195267718706,-0.011656877552051402,0.12654504664150099
tenant-dsk,0.0088150415533685,1.0,-0.11946785612981828,0.12071084691965649,0.21756637339914905
tenant-mem,-0.018070195267718706,-0.11946785612981828,1.0,0.23490672978410956,-0.2493815317312767
tenant-nsy,-0.011656877552051402,0.12071084691965649,0.23490672978410956,1.0,-0.0072223312102801755
tenant-ntk,0.12654504664150099,0.21756637339914905,-0.2493815317312767,-0.0072223312102801755,1.0
