tenant_id,tenant-cpu,tenant-dsk,tenant-mem,tenant-nsy,tenant-ntk
tenant-cpu,1.885071295338205e-08,-5.1468430371635955e-09,-9.434493609041414e-09,3.5620095097781933e-06,3.454057140514396e-09
tenant-dsk,-5.1468430371635955e-09,1.952566338233198e-06,3.4734903123255605e-07,7.812888572475043e-05,3.3572023065099976e-08
tenant-mem,-9.434493609041414e-09,3.4734903123255605e-07,5.502377652037248e-07,2.5477812091867613e-05,2.1057355131080332e-08
tenant-nsy,3.5620095097781933e-06,7.812888572475043e-05,2.5477812091867613e-05,0.503343238089468,6.315171532213253e-06
tenant-ntk,3.454057140514396e-09,3.3572023065099976e-08,2.1057355131080332e-08,6.315171532213253e-06,9.824157258847572e-09
