tenant_id,tenant-cpu,tenant-dsk,tenant-mem,tenant-nsy,tenant-ntk
tenant-cpu,165372611.64644843,124729794.2064037,-343154102.6290138,-47822655760.15417,2132438816.2085185
tenant-dsk,124729794.2064037,1210676461647.388,-194115259607.7499,42372102062348.31,313693455698.36755
tenant-mem,-343154102.6290138,-194115259607.7499,2180665811751.1084,110664844896855.61,-482567958213.87085
tenant-nsy,-47822655760.15417,42372102062348.31,110664844896855.61,1.0177458182909035e+17,-3019233494492.187
tenant-ntk,2132438816.2085185,313693455698.36755,-482567958213.87085,-3019233494492.187,1717114569043.4507
