tenant_id,tenant-cpu,tenant-dsk,tenant-mem,tenant-nsy,tenant-ntk
tenant-cpu,1.7170421447591307e-08,2.1201903287011677e-08,1.0257508828751957e-08,-8.828959907974137e-07,1.506276794350832e-09
tenant-dsk,2.1201903287011677e-08,2.4970034987917464e-06,4.357004549568269e-07,0.00013329964780585843,6.083266535875149e-08
tenant-mem,1.0257508828751957e-08,4.357004549568269e-07,6.538062369685449e-07,8.65615482740273e-05,3.3063766680397594e-08
tenant-nsy,-8.828959907974137e-07,0.00013329964780585843,8.65615482740273e-05,0.2266071764984425,7.740920622158971e-06
tenant-ntk,1.506276794350832e-09,6.083266535875149e-08,3.3063766680397594e-08,7.740920622158971e-06,8.244327838989254e-09
