tenant_id,tenant-cpu,tenant-dsk,tenant-mem,tenant-nsy,tenant-ntk
tenant-cpu,5503532176.697879,8580648107.867332,2977675938.707941,8294563031595.321,-18856675203.267548
tenant-dsk,8580648107.867332,1117471584811.7395,303931774875.14355,77440775241019.94,112454892481.22218
tenant-mem,2977675938.707941,303931774875.14355,1562557999017.1404,51583918340260.266,-331619474950.48303
tenant-nsy,8294563031595.321,77440775241019.94,51583918340260.266,2.200757648294443e+17,147333835058540.6
tenant-ntk,-18856675203.267548,112454892481.22218,-331619474950.48303,147333835058540.6,3849593942924.1177
