tenant_id,tenant-cpu,tenant-dsk,tenant-mem,tenant-nsy,tenant-ntk
tenant-cpu,2150995362.495029,2797207017.0122447,2459866455.0480404,1512207600597.883,-8528426912.61957
tenant-dsk,2797207017.0122447,529995288878.2167,-35067686841.26843,-6063263450199.118,19120867531.40682
tenant-mem,2459866455.0480404,-35067686841.26843,2274012640407.8584,-476956362208577.5,-210767021702.12216
tenant-nsy,1512207600597.883,-6063263450199.118,-476956362208577.5,5.2089594390274925e+17,-710649257224928.0
tenant-ntk,-8528426912.61957,19120867531.40682,-210767021702.12216,-710649257224928.0,2800520122982.2915
