tenant_id,tenant-cpu,tenant-dsk,tenant-mem,tenant-nsy,tenant-ntk
tenant-cpu,2064844843.8561635,-1713133388.4379816,-11108889527.595963,-4421131960.319983,-11386357565.54343
tenant-dsk,-1713133388.4379816,1097197822604.0507,190986234538.6666,27803961566.590645,-202826746257.32523
tenant-mem,-11108889527.595963,190986234538.6666,1768283656233.3738,1121212871938.586,-735854964032.6453
tenant-nsy,-4421131960.319983,27803961566.590645,1121212871938.586,11482550774005.666,215150577370.247
tenant-ntk,-11386357565.54343,-202826746257.32523,-735854964032.6453,215150577370.247,4581457536051.717
