tenant_id,tenant-cpu,tenant-dsk,tenant-mem,tenant-nsy,tenant-ntk
tenant-cpu,15.577613249906271,185.46562059469525,216.01378528078826,0.8039724592880048,95.25732802016137
tenant-dsk,185.46562059469525,103631.92511826415,29106.90593634104,234.40758786945023,10043.85195360186
tenant-mem,216.01378528078826,29106.90593634104,156933.40921111117,127.79180690537152,10583.740639395764
tenant-nsy,0.8039724592880048,234.40758786945023,127.79180690537152,35.455470491788354,238.0563170377107
tenant-ntk,95.25732802016137,10043.85195360186,10583.740639395764,238.0563170377107,20436.787203099368
