metric_name,tenant_id,mean_cohen_d,std_cohen_d,num_rounds_x,mean_percentage_change,std_percentage_change,num_rounds_y
cpu_usage,tenant-cpu,-4.017744925282911,2.872505125006204,48,-27.13689020993543,18.08328284125264,48
cpu_usage,tenant-dsk,-0.5050145483688433,0.4280869506639098,48,-5.822344257235464,4.989378224476921,48
cpu_usage,tenant-mem,-3.9502741562052286,2.8109447402895307,48,-26.830982266786403,18.09892602908659,48
cpu_usage,tenant-ntk,-0.18131618840896657,0.3199719948708078,48,-1.2359952124472273,2.41075254075244,48
memory_usage,tenant-cpu,0.4003219783407055,0.3129033490478696,48,7.960282633463227,6.225572530957491,48
memory_usage,tenant-dsk,0.5061750842680726,0.3287684084708002,48,5.165618069856746,3.175769411582846,48
memory_usage,tenant-mem,0.3832169342015655,0.3471213671700712,48,7.451532700985916,6.883240168476776,48
memory_usage,tenant-ntk,0.5173783971410185,0.362793435753675,48,4.665661285823783,3.2934558174338218,48
