tenant_id,tenant-cpu,tenant-dsk,tenant-mem,tenant-nsy,tenant-ntk
tenant-cpu,1.0,-0.010231453100228738,0.228595896450194,-0.02497119827305005,0.3436712992170205
tenant-dsk,-0.010231453100228738,1.0,0.1440699250615134,0.032051806902626205,0.19534396878079616
tenant-mem,0.228595896450194,0.1440699250615134,1.0,0.013606541822568423,0.34350830286833794
tenant-nsy,-0.02497119827305005,0.032051806902626205,0.013606541822568423,1.0,0.09277691360919392
tenant-ntk,0.3436712992170205,0.19534396878079616,0.34350830286833794,0.09277691360919392,1.0
