tenant_id,tenant-cpu,tenant-dsk,tenant-mem,tenant-ntk
tenant-cpu,1.0,0.1082705348439365,-0.0156389456804048,0.21362423791057622
tenant-dsk,0.1082705348439365,1.0,0.7629666078379383,0.8042594633205633
tenant-mem,-0.0156389456804048,0.7629666078379383,1.0,0.7749360810733729
tenant-ntk,0.21362423791057622,0.8042594633205633,0.7749360810733729,1.0
