tenant_id,tenant-cpu,tenant-dsk,tenant-mem,tenant-nsy,tenant-ntk
tenant-cpu,1.0,0.10239406771817175,0.09681148733218381,-0.014154099276329374,0.12660086739636514
tenant-dsk,0.10239406771817175,1.0,0.34099963048404786,0.17720770321487844,0.4239841712275501
tenant-mem,0.09681148733218381,0.34099963048404786,1.0,0.22488664033587624,0.45035000442100065
tenant-nsy,-0.014154099276329374,0.17720770321487844,0.22488664033587624,1.0,0.17909281287039153
tenant-ntk,0.12660086739636514,0.4239841712275501,0.45035000442100065,0.17909281287039153,1.0
