tenant_id,tenant-cpu,tenant-dsk,tenant-mem,tenant-nsy,tenant-ntk
tenant-cpu,4617007221.734275,-1674370372.1809037,1949314376.2974834,4760529138.466739,2065400907.9509573
tenant-dsk,-1674370372.1809037,565435249854.392,-129665569776.56282,342130620817.36664,-131311570635.25635
tenant-mem,1949314376.2974834,-129665569776.56282,1468021396217.5679,724995398914.3159,316471999820.41425
tenant-nsy,4760529138.466739,342130620817.36664,724995398914.3159,37702986287252.984,191411646002.11948
tenant-ntk,2065400907.9509573,-131311570635.25635,316471999820.41425,191411646002.11948,2328716206756.7656
