tenant_id,tenant-cpu,tenant-dsk,tenant-mem,tenant-nsy,tenant-ntk
tenant-cpu,1.0,0.5596054467778405,0.6318979419368359,-0.11776906173485059,0.357087762079998
tenant-dsk,0.5596054467778405,1.0,0.3850449970023703,-0.03097946232966742,0.3221370367442854
tenant-mem,0.6318979419368359,0.3850449970023703,1.0,-0.14260010680314306,0.2847931998942326
tenant-nsy,-0.11776906173485059,-0.03097946232966742,-0.14260010680314306,1.0,0.13177255824091824
tenant-ntk,0.357087762079998,0.3221370367442854,0.2847931998942326,0.13177255824091824,1.0
