tenant_id,tenant-cpu,tenant-dsk,tenant-mem,tenant-nsy,tenant-ntk
tenant-cpu,1.0,0.13674843496216915,0.31720786326373734,-0.08433221264103097,0.3085551059382164
tenant-dsk,0.13674843496216915,1.0,-0.0166932162769331,0.16408370301893282,0.38592650482708285
tenant-mem,0.31720786326373734,-0.0166932162769331,1.0,-0.24101883408292282,0.20491406692595546
tenant-nsy,-0.08433221264103097,0.16408370301893282,-0.24101883408292282,1.0,0.12625645544219988
tenant-ntk,0.3085551059382164,0.38592650482708285,0.20491406692595546,0.12625645544219988,1.0
