tenant_id,tenant-cpu,tenant-dsk,tenant-mem,tenant-nsy,tenant-ntk
tenant-cpu,1.0,0.18829643722711842,0.172469235221533,-0.1331591427094349,-0.14484988787784558
tenant-dsk,0.18829643722711842,1.0,0.24442668442749094,-0.07136184515074724,-0.14409814818871372
tenant-mem,0.172469235221533,0.24442668442749094,1.0,-0.1470866685141868,0.05165961503436799
tenant-nsy,-0.1331591427094349,-0.07136184515074724,-0.1470866685141868,1.0,0.1415463461161605
tenant-ntk,-0.14484988787784558,-0.14409814818871372,0.05165961503436799,0.1415463461161605,1.0
