tenant_id,tenant-cpu,tenant-dsk,tenant-mem,tenant-nsy,tenant-ntk
tenant-cpu,1.0,0.12053697642518807,-0.007008227741651546,0.1674843057880802,0.01992524396277868
tenant-dsk,0.12053697642518807,1.0,0.20380922825233128,0.11941575165157386,0.1435062764084008
tenant-mem,-0.007008227741651546,0.20380922825233128,1.0,0.10037540488963075,0.20873917004277545
tenant-nsy,0.1674843057880802,0.11941575165157386,0.10037540488963075,1.0,-0.05863624902300649
tenant-ntk,0.01992524396277868,0.1435062764084008,0.20873917004277545,-0.05863624902300649,1.0
