tenant_id,tenant-cpu,tenant-dsk,tenant-mem,tenant-nsy,tenant-ntk
tenant-cpu,1.0,0.44261651288781684,0.8000674213048797,-0.808258130569103,0.2900696671954677
tenant-dsk,0.44261651288781684,1.0,0.4536792683100049,-0.36388680083634456,0.37148577296771973
tenant-mem,0.8000674213048797,0.4536792683100049,1.0,-0.8384863721228181,0.2474142283705809
tenant-nsy,-0.808258130569103,-0.36388680083634456,-0.8384863721228181,1.0,-0.13939630030130773
tenant-ntk,0.2900696671954677,0.37148577296771973,0.2474142283705809,-0.13939630030130773,1.0
