tenant_id,tenant-cpu,tenant-dsk,tenant-mem,tenant-nsy,tenant-ntk
tenant-cpu,1.0,0.21221407967840025,0.37042211004635595,0.2768019860709239,0.08347239008449846
tenant-dsk,0.21221407967840025,1.0,0.37316061718581744,0.2548970181769876,0.2928094201375566
tenant-mem,0.37042211004635595,0.37316061718581744,1.0,0.2591794130728091,0.1794273708886814
tenant-nsy,0.2768019860709239,0.2548970181769876,0.2591794130728091,1.0,0.22815306263488483
tenant-ntk,0.08347239008449846,0.2928094201375566,0.1794273708886814,0.22815306263488483,1.0
