tenant_id,tenant-cpu,tenant-dsk,tenant-mem,tenant-nsy,tenant-ntk
tenant-cpu,1.0,0.21038244651040805,0.5307157299624781,0.5786859952650708,0.5448621692240961
tenant-dsk,0.21038244651040805,1.0,0.1620656161276384,0.23739044705684884,0.3063315221078055
tenant-mem,0.5307157299624781,0.1620656161276384,1.0,0.44744415302633,0.5241288707638455
tenant-nsy,0.5786859952650708,0.23739044705684884,0.44744415302633,1.0,0.4924886201000553
tenant-ntk,0.5448621692240961,0.3063315221078055,0.5241288707638455,0.4924886201000553,1.0
