tenant_id,tenant-cpu,tenant-dsk,tenant-mem,tenant-nsy,tenant-ntk
tenant-cpu,0.2920745709541569,0.025370321299151573,0.2378288450832103,-0.5186405146429758,0.04137471464994063
tenant-dsk,0.025370321299151573,0.01124871627154495,0.026466193417625915,-0.04582339558542083,0.01039871052050886
tenant-mem,0.2378288450832103,0.026466193417625915,0.3025395340927704,-0.5475913246685749,0.03591712446344066
tenant-nsy,-0.5186405146429758,-0.04582339558542083,-0.5475913246685749,1.4097398214945995,-0.0436824061354474
tenant-ntk,0.04137471464994063,0.01039871052050886,0.03591712446344066,-0.0436824061354474,0.06965810288425725
