tenant_id,tenant-cpu,tenant-dsk,tenant-mem,tenant-nsy,tenant-ntk
tenant-cpu,49096.48855549188,7492.894061133994,8538.223720364167,-15029515396.230753,-818830.5046137437
tenant-dsk,7492.894061133994,32252.586391006585,9807.57339559266,-6528255082.99944,-660223.9999596069
tenant-mem,8538.223720364167,9807.57339559266,49918.480037987414,-16739896139.93237,294464.1823294092
tenant-nsy,-15029515396.230753,-6528255082.99944,-16739896139.93237,2.5947620796284928e+17,1839492698301.6743
tenant-ntk,-818830.5046137437,-660223.9999596069,294464.1823294092,1839492698301.6743,650880511.5315424
