tenant_id,tenant-cpu,tenant-dsk,tenant-mem,tenant-nsy,tenant-ntk
tenant-cpu,0.04551941438745057,0.0028849894847435423,0.014634040528711648,-0.00646221730292313,0.015114521082666355
tenant-dsk,0.0028849894847435423,0.009777933371827162,-0.0003569320389004163,0.00582745213372497,0.008761762225280568
tenant-mem,0.014634040528711648,-0.0003569320389004163,0.04675671075298668,-0.018718139805763655,0.01017318796646371
tenant-nsy,-0.00646221730292313,0.00582745213372497,-0.018718139805763655,0.12899695510149534,0.010411340313162397
tenant-ntk,0.015114521082666355,0.008761762225280568,0.01017318796646371,0.010411340313162397,0.0527140810905418
