tenant_id,tenant-cpu,tenant-dsk,tenant-mem,tenant-nsy,tenant-ntk
tenant-cpu,2653035918.864357,26287839313.541763,880586318.2795749,20797807244.283245,2469232293.1190763
tenant-dsk,26287839313.541763,6464355729497.052,17451679180.70567,6256354265997.491,18618684271.535805
tenant-mem,880586318.2795749,17451679180.70567,2433421244.892137,9072676637.549173,1787818312.1195152
tenant-nsy,20797807244.283245,6256354265997.491,9072676637.549173,10131867001591.754,297997612.6183817
tenant-ntk,2469232293.1190763,18618684271.535805,1787818312.1195152,297997612.6183817,19459239419.502396
