tenant_id,tenant-cpu,tenant-dsk,tenant-mem,tenant-nsy,tenant-ntk
tenant-cpu,1570177143.8102124,-6122403026.498782,341092187.5063589,-4529744580.677369,1032732455.5531098
tenant-dsk,-6122403026.498782,1317210077784.6855,5397765232.040448,917751119629.5498,226271669.36116666
tenant-mem,341092187.5063589,5397765232.040448,1646009867.0137918,5852913106.5223,386483247.30370545
tenant-nsy,-4529744580.677369,917751119629.5498,5852913106.5223,1199436777872.6418,-8832285611.20397
tenant-ntk,1032732455.5531098,226271669.36116666,386483247.30370545,-8832285611.20397,14895339019.53997
