tenant_id,tenant-cpu,tenant-dsk,tenant-mem,tenant-nsy,tenant-ntk
tenant-cpu,0.07054224168378452,-0.001319659499808521,0.02533014048549471,-0.0023006126617893534,0.007263814203618481
tenant-dsk,-0.001319659499808521,0.014256668107098332,-0.0006144489393233341,0.007131322428837227,0.010731562537420131
tenant-mem,0.02533014048549471,-0.0006144489393233341,0.06718672281922683,0.0008625773716426078,0.008367617529811489
tenant-nsy,-0.0023006126617893534,0.007131322428837227,0.0008625773716426078,0.01324439201102649,0.009876652018953113
tenant-ntk,0.007263814203618481,0.010731562537420131,0.008367617529811489,0.009876652018953113,0.06025101568549735
