tenant_id,tenant-cpu,tenant-dsk,tenant-mem,tenant-nsy,tenant-ntk
tenant-cpu,,,,,
tenant-dsk,,1.0,0.059075162651605735,0.024833646759261172,
tenant-mem,,0.059075162651605735,1.0,-0.08156161638948088,
tenant-nsy,,0.024833646759261172,-0.08156161638948088,1.0,
tenant-ntk,,,,,
