tenant_id,tenant-cpu,tenant-dsk,tenant-mem,tenant-nsy,tenant-ntk
tenant-cpu,2.697913740114238e-08,5.637647912439983e-08,3.2797063159915436e-08,1.21278557833984e-05,4.640200157713212e-09
tenant-dsk,5.637647912439983e-08,3.3499761882299852e-06,7.142836226847647e-07,0.0004036605883205833,7.017822420409643e-08
tenant-mem,3.2797063159915436e-08,7.142836226847647e-07,6.421309278866811e-07,0.00018889254654220103,3.5361239890942005e-08
tenant-nsy,1.21278557833984e-05,0.0004036605883205833,0.00018889254654220103,0.18360431899906282,1.7191939568169962e-05
tenant-ntk,4.640200157713212e-09,7.017822420409643e-08,3.5361239890942005e-08,1.7191939568169962e-05,1.131062165519913e-08
