tenant1,tenant-cpu,tenant-dsk,tenant-mem,tenant-nsy,tenant-ntk
tenant-cpu,1.0,0.0679563343808118,0.6769106914926789,-0.5749026223430531,0.2764529191687236
tenant-dsk,0.0679563343808118,1.0,0.0597495612682481,0.1454549740997101,0.3369234046802505
tenant-mem,0.6769106914926789,0.0597495612682481,1.0,-0.5621153259185182,0.2582836666178173
tenant-nsy,-0.5749026223430531,0.1454549740997101,-0.5621153259185182,1.0,0.1077262589775705
tenant-ntk,0.2764529191687236,0.3369234046802505,0.2582836666178173,0.1077262589775705,1.0
