tenant1,tenant-cpu,tenant-dsk,tenant-mem,tenant-nsy,tenant-ntk
tenant-cpu,1.0,0.1300454046655473,0.2811155238086641,0.1252090993912997,0.2784780733724399
tenant-dsk,0.1300454046655473,1.0,0.084090275753111,0.399560716832062,0.3287096692789402
tenant-mem,0.2811155238086641,0.084090275753111,1.0,0.1100208758315541,0.2993060264468301
tenant-nsy,0.1252090993912997,0.399560716832062,0.1100208758315541,1.0,0.3343503006996577
tenant-ntk,0.2784780733724399,0.3287096692789402,0.2993060264468301,0.3343503006996577,1.0
