tenant1,tenant-cpu,tenant-dsk,tenant-mem,tenant-nsy,tenant-ntk
tenant-cpu,1.0,0.0133258003749062,0.0177623452021006,0.0155098049911943,0.0641333514656624
tenant-dsk,0.0133258003749062,1.0,0.0539350231677632,-0.0105093928309369,-0.0016021122715423
tenant-mem,0.0177623452021006,0.0539350231677632,1.0,-0.0052705853820287,0.0613756852232554
tenant-nsy,0.0155098049911943,-0.0105093928309369,-0.0052705853820287,1.0,0.0399887410035148
tenant-ntk,0.0641333514656624,-0.0016021122715423,0.0613756852232554,0.0399887410035148,1.0
