tenant1,tenant-cpu,tenant-dsk,tenant-mem,tenant-nsy,tenant-ntk
tenant-cpu,1.0,0.218583706667996,0.3055488655699545,-0.0034194878346057,-0.0033324080915725
tenant-dsk,0.218583706667996,1.0,0.2149977993550884,-0.0432650860105762,0.0448709067575064
tenant-mem,0.3055488655699545,0.2149977993550884,1.0,-0.0314104153629622,-0.0300366720491119
tenant-nsy,-0.0034194878346057,-0.0432650860105762,-0.0314104153629622,1.0,-0.0046845800056934
tenant-ntk,-0.0033324080915725,0.0448709067575064,-0.0300366720491119,-0.0046845800056934,1.0
