tenant1,tenant-cpu,tenant-dsk,tenant-mem,tenant-nsy,tenant-ntk
tenant-cpu,1.0,0.18874187654496,0.2436869788012741,0.004771792960427,0.220766424707698
tenant-dsk,0.18874187654496,1.0,0.1957251927561891,-0.4083320903247703,0.143875822519132
tenant-mem,0.2436869788012741,0.1957251927561891,1.0,-0.0286010591357832,0.2321123246471269
tenant-nsy,0.004771792960427,-0.4083320903247703,-0.0286010591357832,1.0,0.0407241257085446
tenant-ntk,0.220766424707698,0.143875822519132,0.2321123246471269,0.0407241257085446,1.0
