tenant1,tenant-cpu,tenant-dsk,tenant-mem,tenant-nsy,tenant-ntk
tenant-cpu,1.0,0.0372175415260341,0.0495371012268685,0.0053078369096432,0.0298901263244148
tenant-dsk,0.0372175415260341,1.0,-0.0152237329938418,0.1149282887816457,0.0131036100290324
tenant-mem,0.0495371012268685,-0.0152237329938418,1.0,-0.0187484045434368,0.0105088193381607
tenant-nsy,0.0053078369096432,0.1149282887816457,-0.0187484045434368,1.0,0.002567532410802
tenant-ntk,0.0298901263244148,0.0131036100290324,0.0105088193381607,0.002567532410802,1.0
