tenant1,tenant-cpu,tenant-dsk,tenant-mem,tenant-nsy,tenant-ntk
tenant-cpu,1.0,0.2272555222780416,0.6037384157025901,-0.2362120927049762,0.346875348186247
tenant-dsk,0.2272555222780416,1.0,0.2149408686361197,0.0401871772524581,0.3389169908427476
tenant-mem,0.6037384157025901,0.2149408686361197,1.0,-0.2610607559026665,0.3140586906464018
tenant-nsy,-0.2362120927049762,0.0401871772524581,-0.2610607559026665,1.0,0.1968073510937419
tenant-ntk,0.346875348186247,0.3389169908427476,0.3140586906464018,0.1968073510937419,1.0
