tenant1,tenant-cpu,tenant-dsk,tenant-mem,tenant-nsy,tenant-ntk
tenant-cpu,1.0,-0.0450769391692232,0.0820829581706,-0.0386986410507728,-0.0380836013549829
tenant-dsk,-0.0450769391692232,1.0,-0.0046380412708032,0.0606016037035395,-0.0150382139619289
tenant-mem,0.0820829581706,-0.0046380412708032,1.0,0.0416104870805181,0.064845461363435
tenant-nsy,-0.0386986410507728,0.0606016037035395,0.0416104870805181,1.0,0.0003442009347997
tenant-ntk,-0.0380836013549829,-0.0150382139619289,0.064845461363435,0.0003442009347997,1.0
