tenant1,tenant-cpu,tenant-dsk,tenant-mem,tenant-nsy,tenant-ntk
tenant-cpu,1.0,0.2109074523712297,0.2501862628011582,-0.086657198490222,0.1902038009760442
tenant-dsk,0.2109074523712297,1.0,0.225855673065789,-0.1061851408489227,0.1989966022725219
tenant-mem,0.2501862628011582,0.225855673065789,1.0,-0.1311000824922137,0.2772289941306249
tenant-nsy,-0.086657198490222,-0.1061851408489227,-0.1311000824922137,1.0,-0.0337837991600938
tenant-ntk,0.1902038009760442,0.1989966022725219,0.2772289941306249,-0.0337837991600938,1.0
