tenant1,tenant-cpu,tenant-dsk,tenant-mem,tenant-nsy,tenant-ntk
tenant-cpu,1.0,0.0726160587959398,0.0549347956342948,-0.0917086815729593,0.0146236145196775
tenant-dsk,0.0726160587959398,1.0,-0.0175067938611093,0.0028724569703448,-0.0007813930409656
tenant-mem,0.0549347956342948,-0.0175067938611093,1.0,-0.0350605639214969,-0.0104740191691623
tenant-nsy,-0.0917086815729593,0.0028724569703448,-0.0350605639214969,1.0,-0.0045019607630571
tenant-ntk,0.0146236145196775,-0.0007813930409656,-0.0104740191691623,-0.0045019607630571,1.0
