tenant1,tenant-cpu,tenant-dsk,tenant-mem,tenant-nsy,tenant-ntk
tenant-cpu,1.0,0.0768467805133379,0.2586021077371795,0.1069236104513954,0.2688327622770475
tenant-dsk,0.0768467805133379,1.0,0.157047540199652,0.5554545418750958,0.1909448410899663
tenant-mem,0.2586021077371795,0.157047540199652,1.0,0.1213044041685446,0.199314780402687
tenant-nsy,0.1069236104513954,0.5554545418750958,0.1213044041685446,1.0,0.1163956656868872
tenant-ntk,0.2688327622770475,0.1909448410899663,0.199314780402687,0.1163956656868872,1.0
