tenant1,tenant-cpu,tenant-dsk,tenant-mem,tenant-nsy,tenant-ntk
tenant-cpu,1.0,0.2067105477435151,0.2528199445225603,0.0009983109872293,0.0911877132143324
tenant-dsk,0.2067105477435151,1.0,0.1793657365156777,-0.0171452603007664,0.1241282873544076
tenant-mem,0.2528199445225603,0.1793657365156777,1.0,0.0894351920907355,0.0914467496651002
tenant-nsy,0.0009983109872293,-0.0171452603007664,0.0894351920907355,1.0,-0.0323651157164945
tenant-ntk,0.0911877132143324,0.1241282873544076,0.0914467496651002,-0.0323651157164945,1.0
