tenant1,tenant-cpu,tenant-dsk,tenant-mem,tenant-nsy,tenant-ntk
tenant-cpu,1.0,-0.0050818077523786,-0.0015424905984399,0.0879471848314939,0.0794717215039367
tenant-dsk,-0.0050818077523786,1.0,-0.03229721085613,0.0259174345989681,-0.0198692643360217
tenant-mem,-0.0015424905984399,-0.03229721085613,1.0,0.0178892082195742,0.0085474605632429
tenant-nsy,0.0879471848314939,0.0259174345989681,0.0178892082195742,1.0,-0.0225061577290577
tenant-ntk,0.0794717215039367,-0.0198692643360217,0.0085474605632429,-0.0225061577290577,1.0
