tenant1,tenant-cpu,tenant-dsk,tenant-mem,tenant-nsy,tenant-ntk
tenant-cpu,1.0,0.1757027744207504,0.2270821866475953,0.1701404989219602,0.1571143794920764
tenant-dsk,0.1757027744207504,1.0,0.2026452794579454,0.1957801549037079,0.1276390528806054
tenant-mem,0.2270821866475953,0.2026452794579454,1.0,0.2256125444374307,0.1750446141905394
tenant-nsy,0.1701404989219602,0.1957801549037079,0.2256125444374307,1.0,0.1079557044604088
tenant-ntk,0.1571143794920764,0.1276390528806054,0.1750446141905394,0.1079557044604088,1.0
