tenant_id,tenant-cpu,tenant-dsk,tenant-mem,tenant-nsy,tenant-ntk
tenant-cpu,1.0,-0.01417107591368295,0.06381216794764197,0.029043907284583087,-0.11586967290353803
tenant-dsk,-0.01417107591368295,1.0,0.0681031999923432,0.058078793608554787,-0.014089216626439523
tenant-mem,0.06381216794764197,0.0681031999923432,1.0,0.13372783992257936,0.15285614670376188
tenant-nsy,0.029043907284583087,0.058078793608554787,0.13372783992257936,1.0,0.007799350992054536
tenant-ntk,-0.11586967290353803,-0.014089216626439523,0.15285614670376188,0.007799350992054536,1.0
