tenant_id,tenant-cpu,tenant-dsk,tenant-mem,tenant-nsy,tenant-ntk
tenant-cpu,1.0,0.42013325378955557,0.6024144236472955,-0.3769275437551956,0.5925002339800409
tenant-dsk,0.42013325378955557,1.0,0.4854790040961035,-0.31436531991740524,0.4839202579277559
tenant-mem,0.6024144236472955,0.4854790040961035,1.0,-0.46261531291895,0.6552939167052726
tenant-nsy,-0.3769275437551956,-0.31436531991740524,-0.46261531291895,1.0,-0.4211317888028495
tenant-ntk,0.5925002339800409,0.4839202579277559,0.6552939167052726,-0.4211317888028495,1.0
