tenant_id,tenant-cpu,tenant-dsk,tenant-mem,tenant-nsy,tenant-ntk
tenant-cpu,1.0,0.07789149364703786,0.25824330112332694,0.0036667145363550573,0.07246315597365105
tenant-dsk,0.07789149364703786,1.0,-0.0016447332338455545,0.6218678185430647,-0.01278323108356863
tenant-mem,0.25824330112332694,-0.0016447332338455545,1.0,-0.02098368460155314,0.12448786897942704
tenant-nsy,0.0036667145363550573,0.6218678185430647,-0.02098368460155314,1.0,-0.09547970041847013
tenant-ntk,0.07246315597365105,-0.01278323108356863,0.12448786897942704,-0.09547970041847013,1.0
