tenant_id,tenant-cpu,tenant-dsk,tenant-mem,tenant-nsy,tenant-ntk
tenant-cpu,1.0,0.2050286378515815,0.2552786460797059,-0.26822270428092887,0.2326327759275287
tenant-dsk,0.2050286378515815,1.0,0.1739698299816752,-0.2851967935624873,0.27911077522579103
tenant-mem,0.2552786460797059,0.1739698299816752,1.0,-0.33714006048558387,0.2459633775733466
tenant-nsy,-0.26822270428092887,-0.2851967935624873,-0.33714006048558387,1.0,-0.43651369520458594
tenant-ntk,0.2326327759275287,0.27911077522579103,0.2459633775733466,-0.43651369520458594,1.0
