tenant_id,tenant-cpu,tenant-dsk,tenant-mem,tenant-nsy,tenant-ntk
tenant-cpu,1.0,0.25738521209169485,0.32713392480895054,-0.22280070380259184,0.16102388524544148
tenant-dsk,0.25738521209169485,1.0,0.23873438858902782,-0.22895178709085112,0.25361287075109035
tenant-mem,0.32713392480895054,0.23873438858902782,1.0,-0.34099920464032657,0.12226759691966559
tenant-nsy,-0.22280070380259184,-0.22895178709085112,-0.34099920464032657,1.0,-0.1303457275258388
tenant-ntk,0.16102388524544148,0.25361287075109035,0.12226759691966559,-0.1303457275258388,1.0
