tenant_id,tenant-cpu,tenant-dsk,tenant-mem,tenant-nsy,tenant-ntk
tenant-cpu,1.0,0.26689653503712096,0.2500603434539474,0.014825600012972381,0.10672055810883167
tenant-dsk,0.26689653503712096,1.0,0.1817394915540527,-0.08454807093005298,0.20392477746189613
tenant-mem,0.2500603434539474,0.1817394915540527,1.0,0.03999266092718559,0.08566269118196881
tenant-nsy,0.014825600012972381,-0.08454807093005298,0.03999266092718559,1.0,-0.3007891050287141
tenant-ntk,0.10672055810883167,0.20392477746189613,0.08566269118196881,-0.3007891050287141,1.0
