tenant_id,tenant-cpu,tenant-dsk,tenant-mem,tenant-nsy,tenant-ntk
tenant-cpu,2081718545.5300324,6511280198.535722,240365123.2842723,413416127.0148466,211082854.3072085
tenant-dsk,6511280198.535722,2600712009042.6064,6426764646.491819,7474474903.252105,12807910492.629301
tenant-mem,240365123.2842723,6426764646.491819,1325191931.9893515,-54958459.329300486,324859668.7645554
tenant-nsy,413416127.0148466,7474474903.252105,-54958459.329300486,1591579470.0606248,215623209.26305717
tenant-ntk,211082854.3072085,12807910492.629301,324859668.7645554,215623209.26305717,1565196508.6110647
