tenant_id,tenant-cpu,tenant-dsk,tenant-mem,tenant-nsy,tenant-ntk
tenant-cpu,0.06045990113590562,0.0035731815090178066,0.042446609777080785,-0.07613194120260082,0.019950023944674728
tenant-dsk,0.0035731815090178066,0.008682514968221117,0.0025016396941822637,0.007054139503745107,0.007267131138394064
tenant-mem,0.042446609777080785,0.0025016396941822637,0.06200004489786703,-0.0797570869285044,0.01980369723550164
tenant-nsy,-0.07613194120260082,0.007054139503745107,-0.0797570869285044,0.2889870101590298,0.006520736199934763
tenant-ntk,0.019950023944674728,0.007267131138394064,0.01980369723550164,0.006520736199934763,0.04530345225725523
