tenant_id,tenant-cpu,tenant-dsk,tenant-mem,tenant-nsy,tenant-ntk
tenant-cpu,0.03508826383144027,0.015535326078893985,0.025913844839206154,-0.042038247477714626,0.01739505953726064
tenant-dsk,0.015535326078893985,0.02676994437379235,0.01425185237980805,-0.06074151589646678,0.023188745403948323
tenant-mem,0.025913844839206154,0.01425185237980805,0.0474191027143843,-0.056324101319345704,0.010627281683776968
tenant-nsy,-0.042038247477714626,-0.06074151589646678,-0.056324101319345704,0.44605761118038545,-0.019942181918408755
tenant-ntk,0.01739505953726064,0.023188745403948323,0.010627281683776968,-0.019942181918408755,0.0786735445580439
