tenant_id,tenant-cpu,tenant-dsk,tenant-mem,tenant-nsy,tenant-ntk
tenant-cpu,1.0,0.1900886146560097,0.12263532261115617,-0.06322251699619415,0.1573773747524817
tenant-dsk,0.1900886146560097,1.0,0.055030660765331176,-0.02918098557971831,0.1511686686636784
tenant-mem,0.12263532261115617,0.055030660765331176,1.0,0.057637232572910216,0.14442892265730692
tenant-nsy,-0.06322251699619415,-0.02918098557971831,0.057637232572910216,1.0,0.03512293056917892
tenant-ntk,0.1573773747524817,0.1511686686636784,0.14442892265730692,0.03512293056917892,1.0
