tenant_id,tenant-cpu,tenant-dsk,tenant-mem,tenant-nsy,tenant-ntk
tenant-cpu,1.0,0.2768415891165329,0.16166973620032024,0.1559651886918004,-0.012337512081448865
tenant-dsk,0.2768415891165329,1.0,0.38034191021118824,0.2759885241853732,0.21732056164352592
tenant-mem,0.16166973620032024,0.38034191021118824,1.0,-0.0907401854484964,0.3667325190890724
tenant-nsy,0.1559651886918004,0.2759885241853732,-0.0907401854484964,1.0,0.061755684661646285
tenant-ntk,-0.012337512081448865,0.21732056164352592,0.3667325190890724,0.061755684661646285,1.0
