tenant_id,tenant-cpu,tenant-dsk,tenant-mem,tenant-nsy,tenant-ntk
tenant-cpu,1.0,0.026480961155048076,-0.0107408134342402,0.19461095683364857,0.24053636658974992
tenant-dsk,0.026480961155048076,1.0,0.16555269755841315,0.18032535934367247,0.07292988167153042
tenant-mem,-0.0107408134342402,0.16555269755841315,1.0,0.07575846774365011,0.17842850010087094
tenant-nsy,0.19461095683364857,0.18032535934367247,0.07575846774365011,1.0,0.1668775752289308
tenant-ntk,0.24053636658974992,0.07292988167153042,0.17842850010087094,0.1668775752289308,1.0
