tenant_id,tenant-cpu,tenant-dsk,tenant-mem,tenant-ntk
tenant-cpu,1.0,0.8792223215788002,0.9476580805110346,0.969790036816975
tenant-dsk,0.8792223215788002,1.0,0.9386496192968535,0.7652607579186397
tenant-mem,0.9476580805110346,0.9386496192968535,1.0,0.8967250339436976
tenant-ntk,0.969790036816975,0.7652607579186397,0.8967250339436976,1.0
