tenant_id,tenant-cpu,tenant-dsk,tenant-mem,tenant-nsy,tenant-ntk
tenant-cpu,1.0,0.006439041265712638,0.015872366079499083,0.014656789354230045,0.037898317621981564
tenant-dsk,0.006439041265712638,1.0,-0.18286054510447453,0.08581881506371962,0.026966817856420702
tenant-mem,0.015872366079499083,-0.18286054510447453,1.0,-0.009805519654456698,0.06396813350438146
tenant-nsy,0.014656789354230045,0.08581881506371962,-0.009805519654456698,1.0,-0.02563457149730962
tenant-ntk,0.037898317621981564,0.026966817856420702,0.06396813350438146,-0.02563457149730962,1.0
