tenant_id,tenant-cpu,tenant-dsk,tenant-mem,tenant-ntk
tenant-cpu,1024516472.4738457,-1545665628.567059,5665139081.465405,-56569392.94307779
tenant-dsk,-1545665628.567059,749141209010.282,152775431343.45636,-2940647383.3680115
tenant-mem,5665139081.465405,152775431343.45636,1848299889478.644,-852790573.4893578
tenant-ntk,-56569392.94307779,-2940647383.3680115,-852790573.4893578,574308275.1686014
