tenant_id,tenant-cpu,tenant-dsk,tenant-mem,tenant-nsy,tenant-ntk
tenant-cpu,14.382531462995463,152.09198863847539,344.405086146211,-24167.11447438926,28.38341442361242
tenant-dsk,152.09198863847539,99518.10758922897,8234.944542371599,620533.8241617082,3866.2860429105385
tenant-mem,344.405086146211,8234.944542371599,147870.14365811498,-4826104.258278356,3589.667362138182
tenant-nsy,-24167.11447438926,620533.8241617082,-4826104.258278356,4324733668.291953,419017.80794568104
tenant-ntk,28.38341442361242,3866.2860429105385,3589.667362138182,419017.80794568104,3265.1182966317842
