tenant_id,tenant-cpu,tenant-dsk,tenant-mem,tenant-nsy,tenant-ntk
tenant-cpu,2.0224344521623317e-08,-8.713815862985769e-09,2.666077231497855e-08,9.094927155585091e-06,-4.697512705496011e-10
tenant-dsk,-8.713815862985769e-09,4.474837038863143e-06,5.114969885036326e-07,0.0003145197016349881,4.599425727555746e-08
tenant-mem,2.666077231497855e-08,5.114969885036326e-07,7.994182308941685e-07,8.656356135230082e-07,1.559908926874132e-08
tenant-nsy,9.094927155585091e-06,0.0003145197016349881,8.656356135230082e-07,0.2947268009931452,1.1066741304677524e-06
tenant-ntk,-4.697512705496011e-10,4.599425727555746e-08,1.559908926874132e-08,1.1066741304677524e-06,2.677754435630115e-09
