tenant_id,tenant-cpu,tenant-dsk,tenant-mem,tenant-nsy,tenant-ntk
tenant-cpu,12.078189069282248,346.99708925625407,328.3600851316418,5.891389064157193,16.839755233027848
tenant-dsk,346.99708925625407,107747.33485061601,36313.92193440585,647.4782306497572,3246.073614905527
tenant-mem,328.3600851316418,36313.92193440585,177369.90466475405,721.29959285402,4157.719116061026
tenant-nsy,5.891389064157193,647.4782306497572,721.29959285402,350.0598022130261,225.12298574365778
tenant-ntk,16.839755233027848,3246.073614905527,4157.719116061026,225.12298574365778,2829.574068833796
