tenant_id,tenant-cpu,tenant-dsk,tenant-mem,tenant-nsy,tenant-ntk
tenant-cpu,2.398875514817546e-08,-2.0461678355198156e-08,2.4849719233914303e-08,3.5852400319231482e-06,1.3959349452546953e-09
tenant-dsk,-2.0461678355198156e-08,3.8656727242415965e-06,5.204362779942929e-07,0.0001429076878007444,3.011971631593363e-08
tenant-mem,2.4849719233914303e-08,5.204362779942929e-07,7.057171932656708e-07,7.974733400998976e-05,1.9798348052809885e-08
tenant-nsy,3.5852400319231482e-06,0.0001429076878007444,7.974733400998976e-05,0.04300519815591167,3.5635195793151473e-06
tenant-ntk,1.3959349452546953e-09,3.011971631593363e-08,1.9798348052809885e-08,3.5635195793151473e-06,2.6051484399580643e-09
