tenant,stability_score
tenant-a,0.9022064775764972
tenant-c,0.7718723118200095
tenant-d,0.8063678406315221
tenant-b,0.8474499617467822
