tenant_id,tenant-cpu,tenant-dsk,tenant-mem,tenant-nsy,tenant-ntk
tenant-cpu,1.0,0.1651207101870849,0.1983082881075603,0.18196513362157984,0.3993267171762422
tenant-dsk,0.1651207101870849,1.0,0.1788804820274318,0.3880118742040691,0.2912936423629548
tenant-mem,0.1983082881075603,0.1788804820274318,1.0,0.08067299980569297,0.3235517522180283
tenant-nsy,0.18196513362157984,0.3880118742040691,0.08067299980569297,1.0,0.22377937445064336
tenant-ntk,0.3993267171762422,0.2912936423629548,0.3235517522180283,0.22377937445064336,1.0
