tenant_id,tenant-cpu,tenant-dsk,tenant-mem,tenant-nsy,tenant-ntk
tenant-cpu,1.0,0.15172081474171134,0.7130176283912691,-0.7012160840897886,0.13299593443472027
tenant-dsk,0.15172081474171134,1.0,0.11183371165392218,-0.053713337988837415,0.41525298291652396
tenant-mem,0.7130176283912691,0.11183371165392218,1.0,-0.7229798248768047,0.14456297013347277
tenant-nsy,-0.7012160840897886,-0.053713337988837415,-0.7229798248768047,1.0,0.06286382101824832
tenant-ntk,0.13299593443472027,0.41525298291652396,0.14456297013347277,0.06286382101824832,1.0
