tenant_id,tenant-cpu,tenant-dsk,tenant-mem,tenant-nsy,tenant-ntk
tenant-cpu,1.0,0.20123562826889435,0.14405553223767895,-0.18608675630328975,-0.05695637196773456
tenant-dsk,0.20123562826889435,1.0,-0.06991953802142475,-0.09604671413578639,0.062449620172253306
tenant-mem,0.14405553223767895,-0.06991953802142475,1.0,-0.15389865725823565,0.023333597292965358
tenant-nsy,-0.18608675630328975,-0.09604671413578639,-0.15389865725823565,1.0,-0.0640797452911749
tenant-ntk,-0.05695637196773456,0.062449620172253306,0.023333597292965358,-0.0640797452911749,1.0
