tenant_id,tenant-cpu,tenant-dsk,tenant-mem,tenant-nsy,tenant-ntk
tenant-cpu,1.0,0.17754088522266356,0.14417971413519337,-0.016770880862699872,0.25135623798237094
tenant-dsk,0.17754088522266356,1.0,0.011991970450022092,-0.1691447689624295,0.16518233228521037
tenant-mem,0.14417971413519337,0.011991970450022092,1.0,0.17759856592980555,0.2129394460167784
tenant-nsy,-0.016770880862699872,-0.1691447689624295,0.17759856592980555,1.0,0.13037392679957807
tenant-ntk,0.25135623798237094,0.16518233228521037,0.2129394460167784,0.13037392679957807,1.0
