tenant_id,tenant-cpu,tenant-dsk,tenant-mem,tenant-nsy,tenant-ntk
tenant-cpu,1.0,0.2917139587521499,0.5692658340771134,-0.2492484355928269,0.39833018510463886
tenant-dsk,0.2917139587521499,1.0,0.26024359438586436,0.13755967972054842,0.3510036580135186
tenant-mem,0.5692658340771134,0.26024359438586436,1.0,-0.30217652342295037,0.3415799095468718
tenant-nsy,-0.2492484355928269,0.13755967972054842,-0.30217652342295037,1.0,0.22752536471160076
tenant-ntk,0.39833018510463886,0.3510036580135186,0.3415799095468718,0.22752536471160076,1.0
