tenant_id,tenant-cpu,tenant-dsk,tenant-mem,tenant-nsy,tenant-ntk
tenant-cpu,1.0,0.06388371845239735,0.36547013484507945,0.02789254904294624,0.07420324300274155
tenant-dsk,0.06388371845239735,1.0,0.08419535939550468,0.0020865744524845658,0.16318852849740315
tenant-mem,0.36547013484507945,0.08419535939550468,1.0,0.12745193423782153,0.03791290832642349
tenant-nsy,0.02789254904294624,0.0020865744524845658,0.12745193423782153,1.0,-0.12045156420972918
tenant-ntk,0.07420324300274155,0.16318852849740315,0.03791290832642349,-0.12045156420972918,1.0
