tenant_id,tenant-cpu,tenant-dsk,tenant-mem,tenant-nsy,tenant-ntk
tenant-cpu,1.0,-0.015202233191951851,0.09498534738378606,0.092996346500329,0.23860671923297871
tenant-dsk,-0.015202233191951851,1.0,0.13904851949066854,0.3727142179351946,0.13813074123180516
tenant-mem,0.09498534738378606,0.13904851949066854,1.0,0.13641441208743765,0.07086332697187928
tenant-nsy,0.092996346500329,0.3727142179351946,0.13641441208743765,1.0,0.17645977262589674
tenant-ntk,0.23860671923297871,0.13813074123180516,0.07086332697187928,0.17645977262589674,1.0
