tenant_id,tenant-cpu,tenant-dsk,tenant-mem,tenant-nsy,tenant-ntk
tenant-cpu,1.0,-0.0245914285045849,0.01434619836138108,0.07703343376389458,0.2455382348434193
tenant-dsk,-0.0245914285045849,1.0,-0.014148860602580712,0.5660841207040935,0.10942756963732823
tenant-mem,0.01434619836138108,-0.014148860602580712,1.0,0.07635932038615117,-0.13923066267573417
tenant-nsy,0.07703343376389458,0.5660841207040935,0.07635932038615117,1.0,0.046822921937659245
tenant-ntk,0.2455382348434193,0.10942756963732823,-0.13923066267573417,0.046822921937659245,1.0
