tenant_id,tenant-cpu,tenant-dsk,tenant-mem,tenant-nsy,tenant-ntk
tenant-cpu,0.06487789635429787,0.005893950467046754,0.037808660080339805,-0.08302907792156822,0.019347865784245015
tenant-dsk,0.005893950467046754,0.008531441941656946,0.006556305925470483,-0.002879586552475308,0.007364733271517686
tenant-mem,0.037808660080339805,0.006556305925470483,0.053384823471637075,-0.07204615874974431,0.02005533063185509
tenant-nsy,-0.08302907792156822,-0.002879586552475308,-0.07204615874974431,0.36839968711358057,0.010873305934410651
tenant-ntk,0.019347865784245015,0.007364733271517686,0.02005533063185509,0.010873305934410651,0.05597245019228505
