tenant_id,tenant-cpu,tenant-dsk,tenant-mem,tenant-nsy,tenant-ntk
tenant-cpu,59800.64794926665,15133.235815391909,8482.107559896325,-7503366083.522146,277018.55412326637
tenant-dsk,15133.235815391909,56675.6537934251,8804.611178537303,2892570922.2774496,528181.6535564438
tenant-mem,8482.107559896325,8804.611178537303,55012.43362769003,-1343024041.5246084,937335.7520955141
tenant-nsy,-7503366083.522146,2892570922.2774496,-1343024041.5246084,1.8624613498128172e+16,-2905466579.876397
tenant-ntk,277018.55412326637,528181.6535564438,937335.7520955141,-2905466579.876397,787403687.1596957
