tenant_id,tenant-cpu,tenant-dsk,tenant-mem,tenant-nsy,tenant-ntk
tenant-cpu,0.062143696330699154,0.003950927726015855,0.01199699074648654,0.004536283327772964,0.022304079749568828
tenant-dsk,0.003950927726015855,0.009212934702601759,0.004166725308782418,0.003724409822225644,0.006264514273576614
tenant-mem,0.01199699074648654,0.004166725308782418,0.058893292538399776,0.0019578281758146237,0.017592763891927522
tenant-nsy,0.004536283327772964,0.003724409822225644,0.0019578281758146237,0.010000619433531146,0.005014075931089218
tenant-ntk,0.022304079749568828,0.006264514273576614,0.017592763891927522,0.005014075931089218,0.05020128120632827
