tenant_id,tenant-cpu,tenant-dsk,tenant-mem,tenant-nsy,tenant-ntk
tenant-cpu,0.05657696840403363,0.004037787458515904,0.022086676096279734,-0.0183653348192446,0.020827789135628747
tenant-dsk,0.004037787458515904,0.008708113022455473,0.006010528607161744,-0.002314952448150364,0.004869726132193907
tenant-mem,0.022086676096279734,0.006010528607161744,0.0545786209584033,-0.024852996754031163,0.01568400402536791
tenant-nsy,-0.0183653348192446,-0.002314952448150364,-0.024852996754031163,0.14523018527225215,0.014493897456137366
tenant-ntk,0.020827789135628747,0.004869726132193907,0.01568400402536791,0.014493897456137366,0.051249942213977134
