tenant_id,tenant-cpu,tenant-dsk,tenant-mem,tenant-nsy,tenant-ntk
tenant-cpu,1331008613.5309632,15319528693.599707,214224319.45904896,249136420.00014058,20055353.01986421
tenant-dsk,15319528693.599707,3190389565872.665,12964686988.994108,25939458243.793,7851360652.82086
tenant-mem,214224319.45904896,12964686988.994108,1976945055.7995605,437711204.83431613,379330240.00383955
tenant-nsy,249136420.00014058,25939458243.793,437711204.83431613,3396028607.4572706,-264528752.0375939
tenant-ntk,20055353.01986421,7851360652.82086,379330240.00383955,-264528752.0375939,1886192184.9759014
