tenant_id,tenant-cpu,tenant-dsk,tenant-mem,tenant-nsy,tenant-ntk
tenant-cpu,1526785189.1572177,3116947066.4843254,-836104983.7795882,1934857645.7144012,471762198.4277329
tenant-dsk,3116947066.4843254,3755228391846.7593,-130547833457.07838,-415148961230.8004,-3610322310.695253
tenant-mem,-836104983.7795882,-130547833457.07838,50751672395.40205,44363538027.373375,676073995.9217036
tenant-nsy,1934857645.7144012,-415148961230.8004,44363538027.373375,255494578269.2273,1914612607.2088184
tenant-ntk,471762198.4277329,-3610322310.695253,676073995.9217036,1914612607.2088184,1901222340.1432571
