tenant_id,tenant-cpu,tenant-dsk,tenant-mem,tenant-ntk
tenant-cpu,1776587665.98024,1036807607205.6667,337628762.5196135,153563143.7773874
tenant-dsk,1036807607205.6667,3246730743491573.0,1092326464024.597,-88914652767.53589
tenant-mem,337628762.5196135,1092326464024.597,1868476006.9118724,195035930.9611093
tenant-ntk,153563143.7773874,-88914652767.53589,195035930.9611093,1726581025.3339603
