tenant_id,tenant-cpu,tenant-dsk,tenant-mem,tenant-nsy,tenant-ntk
tenant-cpu,0.06514201062986674,0.004267987936066625,0.0473505707006336,-0.0804663509370577,0.01704935434002549
tenant-dsk,0.004267987936066625,0.0091346048608403,0.0016609834501649778,0.006105655405391486,0.00835880262534458
tenant-mem,0.0473505707006336,0.0016609834501649778,0.06852544862451272,-0.08633539620094181,0.015200553657109655
tenant-nsy,-0.0804663509370577,0.006105655405391486,-0.08633539620094181,0.2983888703367983,0.012162913697097363
tenant-ntk,0.01704935434002549,0.00835880262534458,0.015200553657109655,0.012162913697097363,0.055470663089218705
