tenant_id,tenant-cpu,tenant-dsk,tenant-mem,tenant-nsy,tenant-ntk
tenant-cpu,1.0,-0.024113256454404257,0.2503708792847785,-0.006526887257539168,0.2829496389184766
tenant-dsk,-0.024113256454404257,1.0,-0.02243996951184096,0.716983901463163,0.4312625535119719
tenant-mem,0.2503708792847785,-0.02243996951184096,1.0,0.04059670878752259,0.2528048673436503
tenant-nsy,-0.006526887257539168,0.716983901463163,0.04059670878752259,1.0,0.5131326686468545
tenant-ntk,0.2829496389184766,0.4312625535119719,0.2528048673436503,0.5131326686468545,1.0
