tenant_id,tenant-cpu,tenant-dsk,tenant-mem,tenant-nsy,tenant-ntk
tenant-cpu,1.0,-0.13958527730800716,0.712453689891537,-0.6401958695442624,0.23013050663326548
tenant-dsk,-0.13958527730800716,1.0,-0.061265516133442346,0.32285421386490665,0.252038675885687
tenant-mem,0.712453689891537,-0.061265516133442346,1.0,-0.6847702704840909,0.25993336681776325
tenant-nsy,-0.6401958695442624,0.32285421386490665,-0.6847702704840909,1.0,0.0644133416944491
tenant-ntk,0.23013050663326548,0.252038675885687,0.25993336681776325,0.0644133416944491,1.0
