tenant_id,tenant-cpu,tenant-dsk,tenant-mem,tenant-nsy,tenant-ntk
tenant-cpu,1.0,0.2714612212302685,0.31820773282375814,0.02230147465035266,0.17591614050343868
tenant-dsk,0.2714612212302685,1.0,0.26922650232483664,-0.052038297386701175,0.30287345188024006
tenant-mem,0.31820773282375814,0.26922650232483664,1.0,-0.049950680124417834,0.310944440365036
tenant-nsy,0.02230147465035266,-0.052038297386701175,-0.049950680124417834,1.0,0.18148277695732196
tenant-ntk,0.17591614050343868,0.30287345188024006,0.310944440365036,0.18148277695732196,1.0
