tenant_id,tenant-cpu,tenant-dsk,tenant-mem,tenant-nsy,tenant-ntk
tenant-cpu,1.0,0.23452821616656336,0.29036606040780116,-0.04831908776830709,0.16930616333205986
tenant-dsk,0.23452821616656336,1.0,0.2767609259302706,-0.09414729674136789,0.14391901200972113
tenant-mem,0.29036606040780116,0.2767609259302706,1.0,-0.06122875147746646,0.08309062284523937
tenant-nsy,-0.04831908776830709,-0.09414729674136789,-0.06122875147746646,1.0,-0.029941038395614548
tenant-ntk,0.16930616333205986,0.14391901200972113,0.08309062284523937,-0.029941038395614548,1.0
