tenant_id,tenant-cpu,tenant-dsk,tenant-mem,tenant-nsy,tenant-ntk
tenant-cpu,1.0,-0.049043458609129606,-0.022020580648967922,0.015292032248003904,0.13480625954919134
tenant-dsk,-0.049043458609129606,1.0,-0.02681444137001907,0.02690330208642017,-0.1351076298665926
tenant-mem,-0.022020580648967922,-0.02681444137001907,1.0,0.20354883206939797,0.07234320647756869
tenant-nsy,0.015292032248003904,0.02690330208642017,0.20354883206939797,1.0,-0.04140382505555067
tenant-ntk,0.13480625954919134,-0.1351076298665926,0.07234320647756869,-0.04140382505555067,1.0
