tenant_id,tenant-cpu,tenant-dsk,tenant-mem,tenant-nsy,tenant-ntk
tenant-cpu,1.0,0.10611612520942378,0.47433249642234665,0.047173521353455906,0.30981314362079665
tenant-dsk,0.10611612520942378,1.0,0.07085587931003187,-0.3560931122590144,-0.001302577807560387
tenant-mem,0.47433249642234665,0.07085587931003187,1.0,0.08445845728549839,0.2622696946483442
tenant-nsy,0.047173521353455906,-0.3560931122590144,0.08445845728549839,1.0,0.19519087677835692
tenant-ntk,0.30981314362079665,-0.001302577807560387,0.2622696946483442,0.19519087677835692,1.0
