tenant_id,tenant-cpu,tenant-dsk,tenant-mem,tenant-nsy,tenant-ntk
tenant-cpu,0.06988480149548054,-0.000954388966346065,0.01701065341778784,-0.0002663484082718656,0.019164914481344445
tenant-dsk,-0.000954388966346065,0.022415908934312015,-0.0008634680113005328,0.01657067532555831,0.016543458277388887
tenant-mem,0.01701065341778784,-0.0008634680113005328,0.06605286009183631,0.0016106058301463741,0.01664706282882501
tenant-nsy,-0.0002663484082718656,0.01657067532555831,0.0016106058301463741,0.023828969074960262,0.020294981763897255
tenant-ntk,0.019164914481344445,0.016543458277388887,0.01664706282882501,0.020294981763897255,0.06564667701237557
