tenant_id,tenant-cpu,tenant-dsk,tenant-mem,tenant-nsy,tenant-ntk
tenant-cpu,55580.4658635498,13497.468482779013,18157.758956460788,-3674744278.6517177,1046887.8221088623
tenant-dsk,13497.468482779013,59592.58997466188,17920.75111420787,-7413977942.58728,921468.6997223728
tenant-mem,18157.758956460788,17920.75111420787,70357.53347635183,-5239115964.220886,578060.9147772259
tenant-nsy,-3674744278.6517177,-7413977942.58728,-5239115964.220886,1.0406258482124909e+17,-253326399834.02444
tenant-ntk,1046887.8221088623,921468.6997223728,578060.9147772259,-253326399834.02444,687911511.1500909
