tenant_id,tenant-cpu,tenant-dsk,tenant-mem,tenant-nsy,tenant-ntk
tenant-cpu,1517297237.3814054,5519130706.588842,343197868.7603518,4581485428.654186,113039484.26202141
tenant-dsk,5519130706.588842,407667570696.9424,4841136664.289752,187022579403.21426,4973582362.027768
tenant-mem,343197868.7603518,4841136664.289752,1555352830.968265,1554674097.7609274,112687583.34297808
tenant-nsy,4581485428.654186,187022579403.21426,1554674097.7609274,382707029056.56213,2199117493.506185
tenant-ntk,113039484.26202141,4973582362.027768,112687583.34297808,2199117493.506185,875579722.8522403
