tenant_id,tenant-cpu,tenant-dsk,tenant-mem,tenant-nsy,tenant-ntk
tenant-cpu,1.0,0.13087897262065804,-0.1420790885315306,-0.06682882504858528,0.15050332444790057
tenant-dsk,0.13087897262065804,1.0,-0.12860551120415764,-0.06731761381868864,-0.05206100727065693
tenant-mem,-0.1420790885315306,-0.12860551120415764,1.0,-0.1386621359102203,0.11853075911185207
tenant-nsy,-0.06682882504858528,-0.06731761381868864,-0.1386621359102203,1.0,-0.1492086853330606
tenant-ntk,0.15050332444790057,-0.05206100727065693,0.11853075911185207,-0.1492086853330606,1.0
