tenant_id,tenant-cpu,tenant-dsk,tenant-mem,tenant-nsy,tenant-ntk
tenant-cpu,1.0,0.06317655516139771,0.04444542730327173,0.09977857418274791,0.13456799728926666
tenant-dsk,0.06317655516139771,1.0,0.07793079702482325,0.12778148035587172,-0.08018550716689139
tenant-mem,0.04444542730327173,0.07793079702482325,1.0,0.023118248496192862,0.07913852178575796
tenant-nsy,0.09977857418274791,0.12778148035587172,0.023118248496192862,1.0,-0.05732539619625317
tenant-ntk,0.13456799728926666,-0.08018550716689139,0.07913852178575796,-0.05732539619625317,1.0
