tenant_id,tenant-cpu,tenant-dsk,tenant-mem,tenant-nsy,tenant-ntk
tenant-cpu,1.0,0.0012149845924863715,0.24430697774081497,-0.09889708458877193,0.1876895058293008
tenant-dsk,0.0012149845924863715,1.0,-0.06652256274772546,0.8146669640586608,-0.010747406289050989
tenant-mem,0.24430697774081497,-0.06652256274772546,1.0,-0.12594909109604444,0.09832335429385802
tenant-nsy,-0.09889708458877193,0.8146669640586608,-0.12594909109604444,1.0,0.05217759041786744
tenant-ntk,0.1876895058293008,-0.010747406289050989,0.09832335429385802,0.05217759041786744,1.0
