tenant_id,tenant-cpu,tenant-dsk,tenant-mem,tenant-nsy,tenant-ntk
tenant-cpu,1.0,-0.08067653680140315,0.18685501801923604,-0.22909697181686575,0.129241260081215
tenant-dsk,-0.08067653680140315,1.0,-0.008937762317913565,0.15684599900419957,-0.05103618625415748
tenant-mem,0.18685501801923604,-0.008937762317913565,1.0,0.12463869575003146,0.018550536406222267
tenant-nsy,-0.22909697181686575,0.15684599900419957,0.12463869575003146,1.0,-0.16143161232710415
tenant-ntk,0.129241260081215,-0.05103618625415748,0.018550536406222267,-0.16143161232710415,1.0
