tenant_id,tenant-cpu,tenant-dsk,tenant-mem,tenant-nsy,tenant-ntk
tenant-cpu,1.0,0.16771567593609069,0.19126656257349708,0.10247353990087532,-0.1038192983182364
tenant-dsk,0.16771567593609069,1.0,0.16952313270791242,0.15593542033980448,-0.025861344559023253
tenant-mem,0.19126656257349708,0.16952313270791242,1.0,0.1463171034024461,-0.13142079869307716
tenant-nsy,0.10247353990087532,0.15593542033980448,0.1463171034024461,1.0,-0.045371921045818255
tenant-ntk,-0.1038192983182364,-0.025861344559023253,-0.13142079869307716,-0.045371921045818255,1.0
