tenant_id,tenant-cpu,tenant-dsk,tenant-mem,tenant-nsy,tenant-ntk
tenant-cpu,0.025202827572959413,0.0037249371876085,0.015256348441124256,-0.016701181110406683,0.01455006008870771
tenant-dsk,0.0037249371876085,0.0064695521419145755,0.00353368638322366,0.0046700160707585075,0.00649599505942879
tenant-mem,0.015256348441124256,0.00353368638322366,0.028498479622875918,-0.021530874835650794,0.013267836147121303
tenant-nsy,-0.016701181110406683,0.0046700160707585075,-0.021530874835650794,0.17814770043268915,0.02209616296336431
tenant-ntk,0.01455006008870771,0.00649599505942879,0.013267836147121303,0.02209616296336431,0.052941210760851856
