tenant_id,tenant-cpu,tenant-dsk,tenant-mem,tenant-nsy,tenant-ntk
tenant-cpu,1762367889.677936,-768146698.5584736,141829874.8041532,2300008461.823628,359892263.46041554
tenant-dsk,-768146698.5584736,553635908450.401,-2479226443.6454186,299567702714.0985,2842784734.5108566
tenant-mem,141829874.8041532,-2479226443.6454186,55458127879.15883,12789293322.006516,-1144781462.6744502
tenant-nsy,2300008461.823628,299567702714.0985,12789293322.006516,505829067304.2742,1162694180.608793
tenant-ntk,359892263.46041554,2842784734.5108566,-1144781462.6744502,1162694180.608793,1219018204.8099813
