tenant_id,tenant-cpu,tenant-dsk,tenant-mem,tenant-nsy,tenant-ntk
tenant-cpu,1451543762.2847629,-960402808.2541497,137786755.56422272,145408223.87544775,399405417.1399965
tenant-dsk,-960402808.2541497,2749551943875.444,8778758969.85479,25363836222.757946,10063232838.123194
tenant-mem,137786755.56422272,8778758969.85479,1449678117.6807485,213159190.93320584,118542353.3012295
tenant-nsy,145408223.87544775,25363836222.757946,213159190.93320584,1684286747.7823782,318177852.07455266
tenant-ntk,399405417.1399965,10063232838.123194,118542353.3012295,318177852.07455266,1930333862.5923655
