tenant_id,tenant-cpu,tenant-dsk,tenant-mem,tenant-nsy,tenant-ntk
tenant-cpu,1.0,0.19587434930708977,0.17543178935763792,0.20291571898556968,0.15462627468751927
tenant-dsk,0.19587434930708977,1.0,0.3908777590173379,0.4357176976281548,0.2766302257038909
tenant-mem,0.17543178935763792,0.3908777590173379,1.0,0.34549627032728353,0.36402916131609103
tenant-nsy,0.20291571898556968,0.4357176976281548,0.34549627032728353,1.0,0.45449732162436796
tenant-ntk,0.15462627468751927,0.2766302257038909,0.36402916131609103,0.45449732162436796,1.0
