tenant_id,tenant-cpu,tenant-dsk,tenant-mem,tenant-nsy,tenant-ntk
tenant-cpu,1.0,0.1873357229465312,0.038987034793434544,0.08344271400979057,0.23195294289712734
tenant-dsk,0.1873357229465312,1.0,0.28546970557634815,0.2603240549838753,0.2307408160684779
tenant-mem,0.038987034793434544,0.28546970557634815,1.0,0.11126235142366032,0.1786721660998936
tenant-nsy,0.08344271400979057,0.2603240549838753,0.11126235142366032,1.0,-0.05116680590351465
tenant-ntk,0.23195294289712734,0.2307408160684779,0.1786721660998936,-0.05116680590351465,1.0
