tenant_id,tenant-cpu,tenant-dsk,tenant-mem,tenant-nsy,tenant-ntk
tenant-cpu,1.0,-0.028624188349484114,-0.05604391119164293,-0.16843769599942668,-0.07000611286184685
tenant-dsk,-0.028624188349484114,1.0,0.16541293805001067,-0.10208517858379187,0.04512838891269114
tenant-mem,-0.05604391119164293,0.16541293805001067,1.0,0.00926544427892332,0.08738346600852331
tenant-nsy,-0.16843769599942668,-0.10208517858379187,0.00926544427892332,1.0,-0.1298446167990382
tenant-ntk,-0.07000611286184685,0.04512838891269114,0.08738346600852331,-0.1298446167990382,1.0
