tenant_id,tenant-cpu,tenant-dsk,tenant-mem,tenant-nsy,tenant-ntk
tenant-cpu,312910390.4845838,-948914660.7383177,-2273709230.2731204,-14222520487.215338,40892160.833749875
tenant-dsk,-948914660.7383177,514624284191.91547,-54560957585.576614,538513976824.9804,-5451129433.230633
tenant-mem,-2273709230.2731204,-54560957585.576614,3218318690668.3696,1538342550770.213,-7785997416.625918
tenant-nsy,-14222520487.215338,538513976824.9804,1538342550770.213,51253129618942.4,31579112094.10221
tenant-ntk,40892160.833749875,-5451129433.230633,-7785997416.625918,31579112094.10221,4860293271.083239
