tenant_id,tenant-cpu,tenant-dsk,tenant-mem,tenant-nsy,tenant-ntk
tenant-cpu,1507852601.8039844,-3457821748.5560355,-1698187267.983838,-5682749080.841538,-195217456.11252463
tenant-dsk,-3457821748.5560355,617989383361.2164,1329451273.3850017,698557260534.7681,38021745.462816484
tenant-mem,-1698187267.983838,1329451273.3850017,1243536630776.1846,-1835086940529.272,1825381435.2979205
tenant-nsy,-5682749080.841538,698557260534.7681,-1835086940529.272,56520349393774.9,-19503544.980393868
tenant-ntk,-195217456.11252463,38021745.462816484,1825381435.2979205,-19503544.980393868,856978586.6036209
