tenant_id,tenant-cpu,tenant-dsk,tenant-mem,tenant-nsy,tenant-ntk
tenant-cpu,14.187287355704028,131.49679804013147,216.51200717073263,-1.7195384583241533,71.84134560213496
tenant-dsk,131.49679804013147,124734.84255079896,44027.313516382615,889.0177144459507,1711.246434283898
tenant-mem,216.51200717073263,44027.313516382615,144732.51955594972,360.22988826258313,4563.759293711768
tenant-nsy,-1.7195384583241533,889.0177144459507,360.22988826258313,700.8304480123923,-247.5819502501897
tenant-ntk,71.84134560213496,1711.246434283898,4563.759293711768,-247.5819502501897,4344.735543582503
