tenant_id,tenant-cpu,tenant-dsk,tenant-mem,tenant-nsy,tenant-ntk
tenant-cpu,14.839752217637743,253.96229047279775,389.9262134448459,10.617104210944058,-2.307805632931584
tenant-dsk,253.96229047279775,142515.4547420034,18701.72894117876,1632.1149806550877,2789.6569734515283
tenant-mem,389.9262134448459,18701.72894117876,132976.54347026855,348.01983084215,7389.389319300804
tenant-nsy,10.617104210944058,1632.1149806550877,348.01983084215,709.7042181075429,217.4891594821188
tenant-ntk,-2.307805632931584,2789.6569734515283,7389.389319300804,217.4891594821188,3397.7206047873624
