tenant_id,tenant-cpu,tenant-dsk,tenant-mem,tenant-nsy,tenant-ntk
tenant-cpu,1134064031.1850529,-1901955428.2317305,-18961728504.538486,-121668404.32291856,-299551557.314479
tenant-dsk,-1901955428.2317305,807683161246.7599,211093599411.59335,-1836954458.4430969,6952929906.914651
tenant-mem,-18961728504.538486,211093599411.59335,14027610332221.242,-13926227046.61424,-84245723185.20174
tenant-nsy,-121668404.32291856,-1836954458.4430969,-13926227046.61424,10002039734.34539,358427953.62643224
tenant-ntk,-299551557.314479,6952929906.914651,-84245723185.20174,358427953.62643224,9241094160.400557
