tenant_id,tenant-cpu,tenant-dsk,tenant-mem,tenant-nsy,tenant-ntk
tenant-cpu,1519352711.862457,-592870572.7219571,-2779264705.5463114,-47599938435.82942,-212294110.84389976
tenant-dsk,-592870572.7219571,282354570390.23004,111825039424.21817,-393276412844.9351,1865605960.730137
tenant-mem,-2779264705.5463114,111825039424.21817,1618617929401.9456,85462623030.11594,8649163768.32175
tenant-nsy,-47599938435.82942,-393276412844.9351,85462623030.11594,52562449057509.836,-73237654197.83504
tenant-ntk,-212294110.84389976,1865605960.730137,8649163768.32175,-73237654197.83504,6052647203.928799
