tenant_id,tenant-cpu,tenant-dsk,tenant-mem,tenant-ntk
tenant-cpu,4768627489.404309,-2156692434.6135063,5717765867.344283,137744679.79729816
tenant-dsk,-2156692434.6135063,876523752912.4073,-318587049986.8411,3028609679.1506405
tenant-mem,5717765867.344283,-318587049986.8411,2650906427191.0146,-9611315453.775543
tenant-ntk,137744679.79729816,3028609679.1506405,-9611315453.775543,1899580833.750128
