tenant_id,tenant-cpu,tenant-dsk,tenant-mem,tenant-nsy,tenant-ntk
tenant-cpu,1.0,-0.07865429729801239,-0.2272773102365971,0.23873780584372475,0.047750267577726206
tenant-dsk,-0.07865429729801239,1.0,-0.05101404308192011,-0.07230581871180156,0.06017027118233679
tenant-mem,-0.2272773102365971,-0.05101404308192011,1.0,-0.380194880551614,-0.04907233796217923
tenant-nsy,0.23873780584372475,-0.07230581871180156,-0.380194880551614,1.0,0.1833836471490642
tenant-ntk,0.047750267577726206,0.06017027118233679,-0.04907233796217923,0.1833836471490642,1.0
