tenant_id,tenant-cpu,tenant-dsk,tenant-mem,tenant-nsy,tenant-ntk
tenant-cpu,1.0,0.13811710964754031,0.06169616626499378,-0.03623962708961594,-0.09481791209597386
tenant-dsk,0.13811710964754031,1.0,0.11855706880521807,-0.04986326881034583,0.10904598609807138
tenant-mem,0.06169616626499378,0.11855706880521807,1.0,-0.1470549168913623,0.044581689702562606
tenant-nsy,-0.03623962708961594,-0.04986326881034583,-0.1470549168913623,1.0,-0.0032677208812748318
tenant-ntk,-0.09481791209597386,0.10904598609807138,0.044581689702562606,-0.0032677208812748318,1.0
