tenant_id,tenant-cpu,tenant-dsk,tenant-mem,tenant-nsy,tenant-ntk
tenant-cpu,,,,,
tenant-dsk,,1.0,-0.00234461761226467,0.06411673206200162,
tenant-mem,,-0.00234461761226467,1.0,-0.039648717879485124,
tenant-nsy,,0.06411673206200162,-0.039648717879485124,1.0,
tenant-ntk,,,,,
