tenant_id,tenant-cpu,tenant-dsk,tenant-mem,tenant-nsy,tenant-ntk
tenant-cpu,1.0,0.24258208663555245,0.20933482220711083,-0.0612832453915036,-0.033285374707931546
tenant-dsk,0.24258208663555245,1.0,0.31939321543702737,0.025050964250800833,0.31441267987869775
tenant-mem,0.20933482220711083,0.31939321543702737,1.0,0.25508869348508706,0.33981075177030634
tenant-nsy,-0.0612832453915036,0.025050964250800833,0.25508869348508706,1.0,0.11573220856534008
tenant-ntk,-0.033285374707931546,0.31441267987869775,0.33981075177030634,0.11573220856534008,1.0
