tenant_id,tenant-cpu,tenant-dsk,tenant-mem,tenant-nsy,tenant-ntk
tenant-cpu,742046247.4316412,3583272785.1558223,1244324793.6955225,4976873484.2268715,-2032543441.996417
tenant-dsk,3583272785.1558223,1036190050011.778,-105995409504.59227,492243893049.3136,-135880887226.91809
tenant-mem,1244324793.6955225,-105995409504.59227,2224123425548.0737,-865198349773.5637,501411924179.52527
tenant-nsy,4976873484.2268715,492243893049.3136,-865198349773.5637,38252809498035.15,333699367117.41156
tenant-ntk,-2032543441.996417,-135880887226.91809,501411924179.52527,333699367117.41156,2536734861323.0024
