tenant_id,tenant-cpu,tenant-dsk,tenant-mem,tenant-nsy,tenant-ntk
tenant-cpu,0.0,0.0,0.0,0.0,0.0
tenant-dsk,0.0,23839.49123109701,-3055.3578874786435,2566512.303395672,0.0
tenant-mem,0.0,-3055.3578874786435,71233313.75419044,-86754937.73788159,0.0
tenant-nsy,0.0,2566512.303395672,-86754937.73788159,67212021958.782524,0.0
tenant-ntk,0.0,0.0,0.0,0.0,0.0
