tenant_id,tenant-cpu,tenant-dsk,tenant-mem,tenant-nsy,tenant-ntk
tenant-cpu,1.0,0.22822832495277257,0.1071699775022466,0.15120061144016553,0.22259900693863988
tenant-dsk,0.22822832495277257,1.0,0.08338268524598487,0.009544264446056985,0.15084486554421106
tenant-mem,0.1071699775022466,0.08338268524598487,1.0,0.36405359939767495,0.01876728879763454
tenant-nsy,0.15120061144016553,0.009544264446056985,0.36405359939767495,1.0,0.09614354223578853
tenant-ntk,0.22259900693863988,0.15084486554421106,0.01876728879763454,0.09614354223578853,1.0
