tenant_id,tenant-cpu,tenant-dsk,tenant-mem,tenant-nsy,tenant-ntk
tenant-cpu,1.0,0.1686073343686881,0.31189269954490767,-0.013160267729593044,0.20715061895095002
tenant-dsk,0.1686073343686881,1.0,0.22608982345353254,0.11330980350343843,0.19474224403254597
tenant-mem,0.31189269954490767,0.22608982345353254,1.0,-0.09966376891035221,0.2247646619117584
tenant-nsy,-0.013160267729593044,0.11330980350343843,-0.09966376891035221,1.0,-0.01753823128872299
tenant-ntk,0.20715061895095002,0.19474224403254597,0.2247646619117584,-0.01753823128872299,1.0
