tenant_id,tenant-cpu,tenant-dsk,tenant-mem,tenant-nsy,tenant-ntk
tenant-cpu,1.0,0.23653249084419636,0.1220199054218778,0.05604111938360227,0.11117932562928645
tenant-dsk,0.23653249084419636,1.0,0.2670759019092092,-0.062373052847246736,0.08311081680663823
tenant-mem,0.1220199054218778,0.2670759019092092,1.0,0.07523069732295805,0.24068239305552588
tenant-nsy,0.05604111938360227,-0.062373052847246736,0.07523069732295805,1.0,0.04397132278620498
tenant-ntk,0.11117932562928645,0.08311081680663823,0.24068239305552588,0.04397132278620498,1.0
