tenant_id,tenant-cpu,tenant-dsk,tenant-mem,tenant-nsy,tenant-ntk
tenant-cpu,1.0,0.14460821788713174,0.056418997427890465,0.003248186147513553,-0.0575503425350581
tenant-dsk,0.14460821788713174,1.0,0.0029414494450588744,0.30659009059583714,0.0844868186910046
tenant-mem,0.056418997427890465,0.0029414494450588744,1.0,-0.41254814502250325,-0.1832415141821498
tenant-nsy,0.003248186147513553,0.30659009059583714,-0.41254814502250325,1.0,0.017483022241275584
tenant-ntk,-0.0575503425350581,0.0844868186910046,-0.1832415141821498,0.017483022241275584,1.0
