tenant_id,tenant-cpu,tenant-dsk,tenant-mem,tenant-nsy,tenant-ntk
tenant-cpu,1.0,0.9942489734470863,0.623389082047456,,0.9997849935947435
tenant-dsk,0.9942489734470863,1.0,0.6210792998745174,,0.9932359844131834
tenant-mem,0.623389082047456,0.6210792998745174,1.0,,0.6224030462980618
tenant-nsy,,,,,
tenant-ntk,0.9997849935947435,0.9932359844131834,0.6224030462980618,,1.0
