tenant_id,tenant-cpu,tenant-dsk,tenant-mem,tenant-nsy,tenant-ntk
tenant-cpu,1.0,0.22318393979819023,0.1543179061548937,0.14520862693398134,0.09082381067641394
tenant-dsk,0.22318393979819023,1.0,0.3938663127965839,0.412982961709602,0.3844637894157482
tenant-mem,0.1543179061548937,0.3938663127965839,1.0,0.3854849610187794,0.41148892679937893
tenant-nsy,0.14520862693398134,0.412982961709602,0.3854849610187794,1.0,0.3631388665971109
tenant-ntk,0.09082381067641394,0.3844637894157482,0.41148892679937893,0.3631388665971109,1.0
