tenant_id,tenant-cpu,tenant-dsk,tenant-mem,tenant-nsy,tenant-ntk
tenant-cpu,1.0,0.7872437121378747,0.9140943260304991,,0.958451589093449
tenant-dsk,0.7872437121378747,1.0,0.8052714143034571,,0.8442231294844023
tenant-mem,0.9140943260304991,0.8052714143034571,1.0,,0.9480536690749695
tenant-nsy,,,,,
tenant-ntk,0.958451589093449,0.8442231294844023,0.9480536690749695,,1.0
