tenant_id,tenant-cpu,tenant-dsk,tenant-mem,tenant-ntk
tenant-cpu,870232172.5686755,756472970.1035419,-1173318490.5299757,-71704069.34618434
tenant-dsk,756472970.1035419,340030764394.26953,-210392678560.31076,-1127520794.8056948
tenant-mem,-1173318490.5299757,-210392678560.31076,2619227080921.8853,13210807424.831823
tenant-ntk,-71704069.34618434,-1127520794.8056948,13210807424.831823,48133317565.67744
