tenant_id,tenant-cpu,tenant-dsk,tenant-mem,tenant-nsy,tenant-ntk
tenant-cpu,2.2222562547461424e-08,9.505963393767916e-09,-3.0610672295879726e-09,9.745653195665885e-06,8.538846452631034e-10
tenant-dsk,9.505963393767916e-09,3.11013403534971e-06,4.3419483361992876e-07,6.503496136465332e-05,2.2920774337312638e-08
tenant-mem,-3.0610672295879726e-09,4.3419483361992876e-07,9.019143630719066e-07,4.407557301855078e-05,1.1298669744029067e-08
tenant-nsy,9.745653195665885e-06,6.503496136465332e-05,4.407557301855078e-05,0.2957087390905209,6.936800895012058e-06
tenant-ntk,8.538846452631034e-10,2.2920774337312638e-08,1.1298669744029067e-08,6.936800895012058e-06,2.2157036848428285e-09
