tenant_id,tenant-cpu,tenant-dsk,tenant-mem,tenant-nsy,tenant-ntk
tenant-cpu,0.0,0.0,0.0,0.0,0.0
tenant-dsk,0.0,33897086.33785513,230292884.5568444,-48907493.93797691,0.0
tenant-mem,0.0,230292884.5568444,1627444023.8499448,-322831332.53654414,0.0
tenant-nsy,0.0,-48907493.93797691,-322831332.53654414,30338941125.23716,0.0
tenant-ntk,0.0,0.0,0.0,0.0,0.0
