tenant_id,tenant-cpu,tenant-dsk,tenant-mem,tenant-nsy,tenant-ntk
tenant-cpu,12.279782858573224,249.12203726933103,145.26352442658805,9.133461339863958,46.66807142657694
tenant-dsk,249.12203726933103,97027.428307478,10046.417704062336,51.247918192623516,2811.118027664323
tenant-mem,145.26352442658805,10046.417704062336,149615.36191771287,2427.392058578087,434.30108922580973
tenant-nsy,9.133461339863958,51.247918192623516,2427.392058578087,297.14813410910364,99.15346837322882
tenant-ntk,46.66807142657694,2811.118027664323,434.30108922580973,99.15346837322882,3579.3368815549215
