tenant_id,tenant-cpu,tenant-dsk,tenant-mem,tenant-nsy,tenant-ntk
tenant-cpu,14.161770165500347,108.93875194084197,181.7744743755887,7.126018259934911,39.312628230343904
tenant-dsk,108.93875194084197,136675.37787326187,37455.9330375091,1069.7520969949665,4264.708870028609
tenant-mem,181.7744743755887,37455.9330375091,175594.16964945858,528.2735540770981,1271.5597744931808
tenant-nsy,7.126018259934911,1069.7520969949665,528.2735540770981,221.39894893603773,104.86874960252612
tenant-ntk,39.312628230343904,4264.708870028609,1271.5597744931808,104.86874960252612,3483.300488889159
