tenant_id,tenant-cpu,tenant-dsk,tenant-mem,tenant-ntk
tenant-cpu,6282178360.533878,613766989.662506,-10593182113.844595,-155060644.06089023
tenant-dsk,613766989.662506,786733007051.3081,268237094863.5371,1813277414.1617491
tenant-mem,-10593182113.844595,268237094863.5371,1672063574985.8474,10972606097.868843
tenant-ntk,-155060644.06089023,1813277414.1617491,10972606097.868843,2328301391.5832915
