tenant_id,tenant-cpu,tenant-dsk,tenant-mem,tenant-nsy,tenant-ntk
tenant-cpu,415018953.86520505,1548807162.8407407,1114062270.1634223,5246938.015918172,-14496151.655932842
tenant-dsk,1548807162.8407407,553799075166.6047,7942778751.691589,-1248408629.6113882,1822991832.0344641
tenant-mem,1114062270.1634223,7942778751.691589,1591069397491.177,11385078805.609074,-1841806325.1580873
tenant-nsy,5246938.015918172,-1248408629.6113882,11385078805.609074,15216623133.871475,448264057.8593636
tenant-ntk,-14496151.655932842,1822991832.0344641,-1841806325.1580873,448264057.8593636,2507686616.5765615
