tenant_id,tenant-cpu,tenant-dsk,tenant-mem,tenant-nsy,tenant-ntk
tenant-cpu,1.0,0.21614474292452823,0.16447393129723373,-0.07469830034757556,-0.07705818393769533
tenant-dsk,0.21614474292452823,1.0,0.17987659669211417,-0.11873400268618543,0.1110937020011959
tenant-mem,0.16447393129723373,0.17987659669211417,1.0,-0.26723359036769273,0.01811511929783259
tenant-nsy,-0.07469830034757556,-0.11873400268618543,-0.26723359036769273,1.0,0.14210945145455742
tenant-ntk,-0.07705818393769533,0.1110937020011959,0.01811511929783259,0.14210945145455742,1.0
