tenant_id,tenant-cpu,tenant-dsk,tenant-mem,tenant-nsy,tenant-ntk
tenant-cpu,1.0,0.056935480821992145,0.497874479090547,-0.21260436920693646,0.20321452046619534
tenant-dsk,0.056935480821992145,1.0,0.0330527198586324,0.13151620481864731,0.36393798445755454
tenant-mem,0.497874479090547,0.0330527198586324,1.0,-0.1944948705190223,0.2155421815386958
tenant-nsy,-0.21260436920693646,0.13151620481864731,-0.1944948705190223,1.0,0.19913530929898335
tenant-ntk,0.20321452046619534,0.36393798445755454,0.2155421815386958,0.19913530929898335,1.0
