tenant_id,tenant-cpu,tenant-dsk,tenant-mem,tenant-nsy,tenant-ntk
tenant-cpu,1.0,0.09211947071419765,0.7624578931843272,-0.7231268659310492,0.23354478226908654
tenant-dsk,0.09211947071419765,1.0,0.06635188659856127,0.08783681356064092,0.32018240915990237
tenant-mem,0.7624578931843272,0.06635188659856127,1.0,-0.725834304062483,0.18751375633303594
tenant-nsy,-0.7231268659310492,0.08783681356064092,-0.725834304062483,1.0,-0.024304087088225592
tenant-ntk,0.23354478226908654,0.32018240915990237,0.18751375633303594,-0.024304087088225592,1.0
