tenant_id,tenant-cpu,tenant-dsk,tenant-mem,tenant-nsy,tenant-ntk
tenant-cpu,1.0,0.09255594525866952,0.6344896311570549,-0.5706802720240712,0.32876165141697855
tenant-dsk,0.09255594525866952,1.0,0.13693149822344283,0.033327768835748,0.3544897771340163
tenant-mem,0.6344896311570549,0.13693149822344283,1.0,-0.5179109332505999,0.38605172731159354
tenant-nsy,-0.5706802720240712,0.033327768835748,-0.5179109332505999,1.0,0.06728235105691822
tenant-ntk,0.32876165141697855,0.3544897771340163,0.38605172731159354,0.06728235105691822,1.0
