tenant_id,tenant-cpu,tenant-dsk,tenant-mem,tenant-nsy,tenant-ntk
tenant-cpu,1.0,0.17934044404808228,0.2443193526704085,0.3186226583433497,-0.03708274540791513
tenant-dsk,0.17934044404808228,1.0,0.08525971337526668,0.2934107912982905,0.029610124658226992
tenant-mem,0.2443193526704085,0.08525971337526668,1.0,0.21771036033604246,-0.060205430081573044
tenant-nsy,0.3186226583433497,0.2934107912982905,0.21771036033604246,1.0,0.08091144543919189
tenant-ntk,-0.03708274540791513,0.029610124658226992,-0.060205430081573044,0.08091144543919189,1.0
