tenant_id,tenant-cpu,tenant-dsk,tenant-mem,tenant-nsy,tenant-ntk
tenant-cpu,0.06762014036359368,0.0022083050748289593,0.03920701145617731,-0.07810484784008444,0.019591011846384603
tenant-dsk,0.0022083050748289593,0.008418475105171071,0.0029855287131062202,0.0016094224438876505,0.007453463196300178
tenant-mem,0.03920701145617731,0.0029855287131062202,0.05646799307256476,-0.0647743931171587,0.02102249976544342
tenant-nsy,-0.07810484784008444,0.0016094224438876505,-0.0647743931171587,0.2770092007559181,0.008114951634452262
tenant-ntk,0.019591011846384603,0.007453463196300178,0.02102249976544342,0.008114951634452262,0.05251403145115957
