tenant_id,tenant-cpu,tenant-dsk,tenant-mem,tenant-nsy,tenant-ntk
tenant-cpu,0.0308395546110141,0.003639022838477583,0.020165246632062993,-0.028212931820302243,0.013735304976217038
tenant-dsk,0.003639022838477583,0.009159541239099567,0.0028231399850677246,0.0018758460191714917,0.006663774029339968
tenant-mem,0.020165246632062993,0.0028231399850677246,0.027487786813986923,-0.01919429236165578,0.015077334798213285
tenant-nsy,-0.028212931820302243,0.0018758460191714917,-0.01919429236165578,0.19014588527527496,0.01328161065573275
tenant-ntk,0.013735304976217038,0.006663774029339968,0.015077334798213285,0.01328161065573275,0.04585858637883712
