tenant_id,tenant-cpu,tenant-dsk,tenant-mem,tenant-nsy,tenant-ntk
tenant-cpu,0.06498549295694049,0.006426869672458435,0.0326294072373589,-0.06322739141289342,0.015810811563563478
tenant-dsk,0.006426869672458435,0.008705564726188272,0.002421885177542207,-0.001530215234442986,0.007795124995022636
tenant-mem,0.0326294072373589,0.002421885177542207,0.04962845775736271,-0.05601000105766052,0.014287993069505107
tenant-nsy,-0.06322739141289342,-0.001530215234442986,-0.05601000105766052,0.3662447413203895,0.007099843094717546
tenant-ntk,0.015810811563563478,0.007795124995022636,0.014287993069505107,0.007099843094717546,0.0497759591811072
