tenant_id,tenant-cpu,tenant-dsk,tenant-mem,tenant-nsy,tenant-ntk
tenant-cpu,1.0,0.2535194226101588,0.3013558354284395,0.31341630376082436,-0.017567572988243782
tenant-dsk,0.2535194226101588,1.0,0.05918571957774447,0.2522517985052648,-0.09776409017888758
tenant-mem,0.3013558354284395,0.05918571957774447,1.0,0.24790948128260054,0.12700364032699965
tenant-nsy,0.31341630376082436,0.2522517985052648,0.24790948128260054,1.0,0.17392273536123998
tenant-ntk,-0.017567572988243782,-0.09776409017888758,0.12700364032699965,0.17392273536123998,1.0
