tenant_id,tenant-cpu,tenant-dsk,tenant-mem,tenant-nsy,tenant-ntk
tenant-cpu,1.0,0.05061207440911681,0.15339758747090315,0.05633579972281398,0.15350467587850014
tenant-dsk,0.05061207440911681,1.0,0.19908541370046745,-0.17533712365200058,0.13860733227283994
tenant-mem,0.15339758747090315,0.19908541370046745,1.0,-0.1264584708112098,0.22188433725217616
tenant-nsy,0.05633579972281398,-0.17533712365200058,-0.1264584708112098,1.0,-0.0820387667260233
tenant-ntk,0.15350467587850014,0.13860733227283994,0.22188433725217616,-0.0820387667260233,1.0
