tenant_id,tenant-cpu,tenant-dsk,tenant-mem,tenant-nsy,tenant-ntk
tenant-cpu,1.0,0.01778807651132139,0.18200186067153312,0.15413607088307044,-0.08224381192357325
tenant-dsk,0.01778807651132139,1.0,0.15184271480009584,0.047484778707592976,0.17473465161368434
tenant-mem,0.18200186067153312,0.15184271480009584,1.0,0.31277526713499243,-0.018769457360760952
tenant-nsy,0.15413607088307044,0.047484778707592976,0.31277526713499243,1.0,-0.1330691848648431
tenant-ntk,-0.08224381192357325,0.17473465161368434,-0.018769457360760952,-0.1330691848648431,1.0
