tenant_id,tenant-cpu,tenant-dsk,tenant-mem,tenant-nsy,tenant-ntk
tenant-cpu,1.0,0.19058018263532298,0.6902157580791308,-0.27218995282376846,0.2884497345120056
tenant-dsk,0.19058018263532298,1.0,0.2816973156280501,0.0641306357427653,0.36470172344539364
tenant-mem,0.6902157580791308,0.2816973156280501,1.0,-0.3821925546770793,0.3272940954011642
tenant-nsy,-0.27218995282376846,0.0641306357427653,-0.3821925546770793,1.0,0.1875430540455147
tenant-ntk,0.2884497345120056,0.36470172344539364,0.3272940954011642,0.1875430540455147,1.0
