tenant_id,tenant-cpu,tenant-dsk,tenant-mem,tenant-nsy,tenant-ntk
tenant-cpu,1.0,-0.14105932041755917,0.07119502231257223,0.07018821204640231,-0.08433349199178143
tenant-dsk,-0.14105932041755917,1.0,-0.1048970899059817,0.2582611502620182,0.09228150222375363
tenant-mem,0.07119502231257223,-0.1048970899059817,1.0,0.09947418491698136,-0.020412225274865806
tenant-nsy,0.07018821204640231,0.2582611502620182,0.09947418491698136,1.0,0.15367775406595455
tenant-ntk,-0.08433349199178143,0.09228150222375363,-0.020412225274865806,0.15367775406595455,1.0
