tenant_id,tenant-cpu,tenant-dsk,tenant-mem,tenant-nsy,tenant-ntk
tenant-cpu,1.0,0.10671727999969811,-0.025884834966783447,-0.22831667602664327,-0.10240823130139523
tenant-dsk,0.10671727999969811,1.0,0.17252648993635064,0.11772606576528448,-0.03711474915675
tenant-mem,-0.025884834966783447,0.17252648993635064,1.0,-0.010792393500328575,0.028808487891947444
tenant-nsy,-0.22831667602664327,0.11772606576528448,-0.010792393500328575,1.0,-0.08739753518872857
tenant-ntk,-0.10240823130139523,-0.03711474915675,0.028808487891947444,-0.08739753518872857,1.0
