tenant_id,tenant-cpu,tenant-dsk,tenant-mem,tenant-nsy,tenant-ntk
tenant-cpu,1.0,0.22670734180782864,0.2036646264883297,-0.005449255485990054,0.177611933830561
tenant-dsk,0.22670734180782864,1.0,0.25816516097346826,-0.03486402425065568,0.10530146479286098
tenant-mem,0.2036646264883297,0.25816516097346826,1.0,0.04360091421814574,0.3674549919203089
tenant-nsy,-0.005449255485990054,-0.03486402425065568,0.04360091421814574,1.0,0.08974203058598228
tenant-ntk,0.177611933830561,0.10530146479286098,0.3674549919203089,0.08974203058598228,1.0
