tenant_id,tenant-cpu,tenant-dsk,tenant-mem,tenant-nsy,tenant-ntk
tenant-cpu,1514242847.1727355,17056410064.301989,321160547.1437724,-12156615.984186277,730370964.3977236
tenant-dsk,17056410064.301989,3738079700613.9976,20226965397.306164,-3864377598.388449,21514550766.728123
tenant-mem,321160547.1437724,20226965397.306164,1642168197.4977589,101293639.72600159,1573571791.674211
tenant-nsy,-12156615.984186277,-3864377598.388449,101293639.72600159,3286665642.520339,543684868.1326449
tenant-ntk,730370964.3977236,21514550766.728123,1573571791.674211,543684868.1326449,11167274272.828362
