tenant_id,tenant-cpu,tenant-dsk,tenant-mem,tenant-nsy,tenant-ntk
tenant-cpu,0.0627408023348661,0.002942116168717467,0.03691734575169544,-0.08141746396938966,0.014270922895894168
tenant-dsk,0.002942116168717467,0.01030121874304519,0.0037878504503389,-0.0006325292562619363,0.010378804397913895
tenant-mem,0.03691734575169544,0.0037878504503389,0.05548296908999329,-0.061494702292228545,0.015680143228137433
tenant-nsy,-0.08141746396938966,-0.0006325292562619363,-0.061494702292228545,0.37344645880670196,0.014651641286711477
tenant-ntk,0.014270922895894168,0.010378804397913895,0.015680143228137433,0.014651641286711477,0.06534947887094174
