tenant_id,tenant-cpu,tenant-dsk,tenant-mem,tenant-nsy,tenant-ntk
tenant-cpu,1234611005.9441683,13042109012.954657,214022453.29687914,480216666.4455507,1570783092.5650604
tenant-dsk,13042109012.954657,3352130492125.398,16320186814.84221,14499215275.027027,44503475482.86791
tenant-mem,214022453.29687914,16320186814.84221,1195084131.6563625,253699959.01384738,115134064.44821286
tenant-nsy,480216666.4455507,14499215275.027027,253699959.01384738,1303630951.871122,525458985.34131384
tenant-ntk,1570783092.5650604,44503475482.86791,115134064.44821286,525458985.34131384,16514038153.277388
