tenant_id,tenant-cpu,tenant-dsk,tenant-mem,tenant-nsy,tenant-ntk
tenant-cpu,1.0,0.18307511834259674,0.15464663949748716,0.21981319340787384,0.19512140351945695
tenant-dsk,0.18307511834259674,1.0,0.24392905839300263,0.2499551926553355,0.1839200456194585
tenant-mem,0.15464663949748716,0.24392905839300263,1.0,0.22407101867661425,0.17630241859769738
tenant-nsy,0.21981319340787384,0.2499551926553355,0.22407101867661425,1.0,0.17660836539234934
tenant-ntk,0.19512140351945695,0.1839200456194585,0.17630241859769738,0.17660836539234934,1.0
