tenant_id,tenant-cpu,tenant-dsk,tenant-mem,tenant-nsy,tenant-ntk
tenant-cpu,1.0,0.21418438499746106,0.11159028345387456,0.019466776871763576,0.09246911653943836
tenant-dsk,0.21418438499746106,1.0,-0.04484729027163794,0.029036302405184393,0.2816105378915694
tenant-mem,0.11159028345387456,-0.04484729027163794,1.0,0.12279608947963144,-0.0029228889854260916
tenant-nsy,0.019466776871763576,0.029036302405184393,0.12279608947963144,1.0,0.05437308379838216
tenant-ntk,0.09246911653943836,0.2816105378915694,-0.0029228889854260916,0.05437308379838216,1.0
