tenant_id,tenant-cpu,tenant-dsk,tenant-mem,tenant-nsy,tenant-ntk
tenant-cpu,1.0,0.2600211218415947,0.40003766119734496,-0.19958244599337832,0.36324492521112633
tenant-dsk,0.2600211218415947,1.0,0.18381945372585537,-0.002850134108965874,0.28314700607917337
tenant-mem,0.40003766119734496,0.18381945372585537,1.0,-0.13839800346597778,0.39684732900744385
tenant-nsy,-0.19958244599337832,-0.002850134108965874,-0.13839800346597778,1.0,0.1013696925084116
tenant-ntk,0.36324492521112633,0.28314700607917337,0.39684732900744385,0.1013696925084116,1.0
