tenant_id,tenant-cpu,tenant-dsk,tenant-mem,tenant-nsy,tenant-ntk
tenant-cpu,1.0,-0.11065756035421448,-0.07735456999302284,0.05957977065049175,0.06856280629082474
tenant-dsk,-0.11065756035421448,1.0,-0.029953709559259453,0.048325336008795114,0.06131141787811825
tenant-mem,-0.07735456999302284,-0.029953709559259453,1.0,0.05385923354789808,0.14986159790535292
tenant-nsy,0.05957977065049175,0.048325336008795114,0.05385923354789808,1.0,-0.04001112185372256
tenant-ntk,0.06856280629082474,0.06131141787811825,0.14986159790535292,-0.04001112185372256,1.0
