tenant_id,tenant-cpu,tenant-dsk,tenant-mem,tenant-nsy,tenant-ntk
tenant-cpu,1303385284.0219886,2157736652.381886,243870076.19583553,250854583.782501,254852915.16548395
tenant-dsk,2157736652.381886,3144876280381.8057,14503584609.752693,8275866093.619274,12137498535.874962
tenant-mem,243870076.19583553,14503584609.752693,1684364386.1689658,249809516.76804474,334830979.93491894
tenant-nsy,250854583.782501,8275866093.619274,249809516.76804474,1228825655.135964,267776046.223397
tenant-ntk,254852915.16548395,12137498535.874962,334830979.93491894,267776046.223397,1450733766.9549034
