tenant_id,tenant-cpu,tenant-dsk,tenant-mem,tenant-nsy,tenant-ntk
tenant-cpu,1531126472.532126,23439715140.94861,309414263.9409754,72753376.29297473,457505093.77745533
tenant-dsk,23439715140.94861,3397609839935.798,18303211863.895313,2501048253.6738386,18364659364.35216
tenant-mem,309414263.9409754,18303211863.895313,1369338559.8561208,450083056.88256246,295606014.43155736
tenant-nsy,72753376.29297473,2501048253.6738386,450083056.88256246,1594714955.005048,221530198.07409987
tenant-ntk,457505093.77745533,18364659364.35216,295606014.43155736,221530198.07409987,1596431100.1986043
