tenant_id,tenant-cpu,tenant-dsk,tenant-mem,tenant-nsy,tenant-ntk
tenant-cpu,0.05911713477251189,0.004120843782912777,0.02804189136305207,-0.05284132744144818,0.017963161851808115
tenant-dsk,0.004120843782912777,0.008556259254884629,0.004382050401064522,-0.0035135557269792574,0.007361486803799346
tenant-mem,0.02804189136305207,0.004382050401064522,0.053988233496587344,-0.05898031598242195,0.015572052018996911
tenant-nsy,-0.05284132744144818,-0.0035135557269792574,-0.05898031598242195,0.3906370436494358,0.0029958166197882534
tenant-ntk,0.017963161851808115,0.007361486803799346,0.015572052018996911,0.0029958166197882534,0.05482303092832675
