tenant_id,tenant-cpu,tenant-dsk,tenant-mem,tenant-nsy,tenant-ntk
tenant-cpu,1947985994.6809838,18760698513.268154,181187765.5912156,41248927.930710316,152420271.01564008
tenant-dsk,18760698513.268154,3938551850618.0845,-3274266801.3245296,2766529426.419171,20872299208.879185
tenant-mem,181187765.5912156,-3274266801.3245296,1353378107.5110362,216880152.3541317,-4015827.0455671167
tenant-nsy,41248927.930710316,2766529426.419171,216880152.3541317,2304896344.1135654,97490606.13286825
tenant-ntk,152420271.01564008,20872299208.879185,-4015827.0455671167,97490606.13286825,1394781608.5340743
