tenant_id,tenant-cpu,tenant-dsk,tenant-mem,tenant-nsy,tenant-ntk
tenant-cpu,62827.98976219037,31507.822386607575,28666.413804699325,-922658356.2840712,-476779.1671030265
tenant-dsk,31507.822386607575,72286.72227048351,25514.427412205863,-1915177110.3040974,6712629.009156197
tenant-mem,28666.413804699325,25514.427412205863,69034.854062112,-7234388066.699656,-1967868.8777053705
tenant-nsy,-922658356.2840712,-1915177110.3040974,-7234388066.699656,2.6491737794212784e+16,-2041985343709.367
tenant-ntk,-476779.1671030265,6712629.009156197,-1967868.8777053705,-2041985343709.367,105483203763.14037
