tenant_id,tenant-cpu,tenant-dsk,tenant-mem,tenant-nsy,tenant-ntk
tenant-cpu,1.0,0.005300727859458122,0.1748505870965486,0.2644390507930148,-0.054371885826781485
tenant-dsk,0.005300727859458122,1.0,0.07362898144214795,-0.10856864367326129,-0.15480344218774736
tenant-mem,0.1748505870965486,0.07362898144214795,1.0,0.05262534350913757,0.02042821436292441
tenant-nsy,0.2644390507930148,-0.10856864367326129,0.05262534350913757,1.0,-0.06481943098106277
tenant-ntk,-0.054371885826781485,-0.15480344218774736,0.02042821436292441,-0.06481943098106277,1.0
