tenant_id,tenant-cpu,tenant-dsk,tenant-mem,tenant-nsy,tenant-ntk
tenant-cpu,1.0,0.23677885932104833,0.15834046699120619,-0.0823140567666323,-0.002514666409356777
tenant-dsk,0.23677885932104833,1.0,0.288967117156552,-0.06044897129677066,0.07601675217454562
tenant-mem,0.15834046699120619,0.288967117156552,1.0,-0.11387048603883208,-0.03675962359979467
tenant-nsy,-0.0823140567666323,-0.06044897129677066,-0.11387048603883208,1.0,-0.06615425438404285
tenant-ntk,-0.002514666409356777,0.07601675217454562,-0.03675962359979467,-0.06615425438404285,1.0
