tenant_id,tenant-cpu,tenant-dsk,tenant-mem,tenant-nsy,tenant-ntk
tenant-cpu,1.0,0.16887404628492222,0.27240686594270846,-0.029129533933954562,0.14320451470463597
tenant-dsk,0.16887404628492222,1.0,0.1650059079986288,-0.1722226689416367,0.15425022361583948
tenant-mem,0.27240686594270846,0.1650059079986288,1.0,-0.07982321793373585,0.16900840283256804
tenant-nsy,-0.029129533933954562,-0.1722226689416367,-0.07982321793373585,1.0,-0.23710478791487327
tenant-ntk,0.14320451470463597,0.15425022361583948,0.16900840283256804,-0.23710478791487327,1.0
