tenant_id,tenant-cpu,tenant-dsk,tenant-mem,tenant-nsy,tenant-ntk
tenant-cpu,1.0,0.16706712380481198,0.15285039236435952,0.2875532342165033,0.30174953966185086
tenant-dsk,0.16706712380481198,1.0,0.05777698261682044,0.28058872398301565,0.3626340287749611
tenant-mem,0.15285039236435952,0.05777698261682044,1.0,0.0973290936856574,0.35804701888670015
tenant-nsy,0.2875532342165033,0.28058872398301565,0.0973290936856574,1.0,0.27888331912587033
tenant-ntk,0.30174953966185086,0.3626340287749611,0.35804701888670015,0.27888331912587033,1.0
