tenant_id,tenant-cpu,tenant-dsk,tenant-mem,tenant-nsy,tenant-ntk
tenant-cpu,1.0,0.17060748604676954,0.22672518616465548,-0.20051599050331073,-0.05140170757722345
tenant-dsk,0.17060748604676954,1.0,0.13369917767732747,-0.15768309047752907,0.1252640390216201
tenant-mem,0.22672518616465548,0.13369917767732747,1.0,-0.02199274030474209,-0.11459485958004421
tenant-nsy,-0.20051599050331073,-0.15768309047752907,-0.02199274030474209,1.0,-0.07415450708687
tenant-ntk,-0.05140170757722345,0.1252640390216201,-0.11459485958004421,-0.07415450708687,1.0
