tenant_id,tenant-cpu,tenant-dsk,tenant-mem,tenant-nsy,tenant-ntk
tenant-cpu,1.0,0.11572854099669956,0.6257135906464599,-0.5318980078533422,0.22287223141502563
tenant-dsk,0.11572854099669956,1.0,0.15844140050736166,-0.010198167485839703,0.4000202327225222
tenant-mem,0.6257135906464599,0.15844140050736166,1.0,-0.4272122366566307,0.26040487732819684
tenant-nsy,-0.5318980078533422,-0.010198167485839703,-0.4272122366566307,1.0,0.09378881317730145
tenant-ntk,0.22287223141502563,0.4000202327225222,0.26040487732819684,0.09378881317730145,1.0
