tenant_id,tenant-cpu,tenant-dsk,tenant-mem,tenant-nsy,tenant-ntk
tenant-cpu,1.0,-0.03517359055553872,0.10512750046755101,-0.09657864771583699,0.11312570032951826
tenant-dsk,-0.03517359055553872,1.0,0.13896675365958322,0.5286054147064575,0.15838144082912303
tenant-mem,0.10512750046755101,0.13896675365958322,1.0,0.026027375758551782,0.017496880188084672
tenant-nsy,-0.09657864771583699,0.5286054147064575,0.026027375758551782,1.0,-0.02969609650895081
tenant-ntk,0.11312570032951826,0.15838144082912303,0.017496880188084672,-0.02969609650895081,1.0
