tenant_id,tenant-cpu,tenant-dsk,tenant-mem,tenant-nsy,tenant-ntk
tenant-cpu,1.0,0.27100426638587033,0.5907810441595731,-0.5744902158356128,0.21630933642883798
tenant-dsk,0.27100426638587033,1.0,0.3188756868872404,-0.15535039800814288,0.3116401118540107
tenant-mem,0.5907810441595731,0.3188756868872404,1.0,-0.6528023352379733,0.1455006562594415
tenant-nsy,-0.5744902158356128,-0.15535039800814288,-0.6528023352379733,1.0,0.04019488539080986
tenant-ntk,0.21630933642883798,0.3116401118540107,0.1455006562594415,0.04019488539080986,1.0
