tenant_id,tenant-cpu,tenant-dsk,tenant-mem,tenant-ntk
tenant-cpu,1.0,0.05354962754957189,-0.009688059991993186,0.0432420390762533
tenant-dsk,0.05354962754957189,1.0,0.1470672127367803,-0.027224402605759663
tenant-mem,-0.009688059991993186,0.1470672127367803,1.0,0.1590794900305579
tenant-ntk,0.0432420390762533,-0.027224402605759663,0.1590794900305579,1.0
