tenant_id,tenant-cpu,tenant-dsk,tenant-mem,tenant-nsy,tenant-ntk
tenant-cpu,1.0,-0.23962189340256798,-0.16141592718402833,-0.023203490273861184,0.03173351989411476
tenant-dsk,-0.23962189340256798,1.0,-0.16241820560212653,0.10396047494796837,0.08824841176693055
tenant-mem,-0.16141592718402833,-0.16241820560212653,1.0,-0.12369163358560946,0.06063632768945074
tenant-nsy,-0.023203490273861184,0.10396047494796837,-0.12369163358560946,1.0,0.04129683964906452
tenant-ntk,0.03173351989411476,0.08824841176693055,0.06063632768945074,0.04129683964906452,1.0
