tenant_id,tenant-cpu,tenant-dsk,tenant-mem,tenant-nsy,tenant-ntk
tenant-cpu,1564306870.4051578,20060332126.344147,530635980.82263345,572199185.7875423,-92332667.37176432
tenant-dsk,20060332126.344147,4002504338032.4688,5271557533.141229,23295114617.672478,-25991294348.869984
tenant-mem,530635980.82263345,5271557533.141229,1982039137.7875853,509464496.3765245,751371851.8669785
tenant-nsy,572199185.7875423,23295114617.672478,509464496.3765245,2130734555.8972695,1066850759.6096731
tenant-ntk,-92332667.37176432,-25991294348.869984,751371851.8669785,1066850759.6096731,17658966310.288395
