tenant_id,tenant-cpu,tenant-dsk,tenant-mem,tenant-nsy,tenant-ntk
tenant-cpu,0.06126003940633197,0.0010796385494649713,0.021602038047436985,-0.02096486977455301,0.01861519510479463
tenant-dsk,0.0010796385494649713,0.010402837301740799,0.0014932585373101314,0.005322902895952192,0.011648441195948581
tenant-mem,0.021602038047436985,0.0014932585373101314,0.04620793034313069,-0.013341904466579181,0.01575510129732296
tenant-nsy,-0.02096486977455301,0.005322902895952192,-0.013341904466579181,0.1911923203080269,0.02479134494765065
tenant-ntk,0.01861519510479463,0.011648441195948581,0.01575510129732296,0.02479134494765065,0.059085312357171446
