tenant_id,tenant-cpu,tenant-dsk,tenant-mem,tenant-nsy,tenant-ntk
tenant-cpu,1431089.5241321889,300624.9065097491,314583.368671058,-4056142508.3572645,3042602.5940545453
tenant-dsk,300624.9065097491,1663768.5094119504,344977.4682981985,-6348254616.237236,9097793.53631494
tenant-mem,314583.368671058,344977.4682981985,1827273.2551765998,-27294458859.37762,5395793.983033763
tenant-nsy,-4056142508.3572645,-6348254616.237236,-27294458859.37762,1.091783867822664e+16,106986210434.84444
tenant-ntk,3042602.5940545453,9097793.53631494,5395793.983033763,106986210434.84444,1736410686.2097027
