tenant_id,tenant-cpu,tenant-dsk,tenant-mem,tenant-nsy,tenant-ntk
tenant-cpu,1630520836.601752,-1003722318.1515502,160030397.29350802,-3016152944.0975027,540700779.58878
tenant-dsk,-1003722318.1515502,499421691517.2161,3702265679.8521657,288917848089.0187,13248616485.65737
tenant-mem,160030397.29350802,3702265679.8521657,1421169689.8289082,758861314.3477046,78075742.77073947
tenant-nsy,-3016152944.0975027,288917848089.0187,758861314.3477046,598161045629.9564,-2718572802.4509306
tenant-ntk,540700779.58878,13248616485.65737,78075742.77073947,-2718572802.4509306,14010869138.677416
