tenant_id,tenant-cpu,tenant-dsk,tenant-mem,tenant-nsy,tenant-ntk
tenant-cpu,0.1389088525248929,0.010109299960865702,0.08441734072067764,-0.10007659292437994,0.018746474122217048
tenant-dsk,0.010109299960865702,0.010017514652053172,0.012236058746613779,-0.0072673700781521345,0.007252917115488097
tenant-mem,0.08441734072067764,0.012236058746613779,0.14698746712530392,-0.11697869321150857,0.012971329008297582
tenant-nsy,-0.10007659292437994,-0.0072673700781521345,-0.11697869321150857,0.2184589420142544,0.0043685275354303525
tenant-ntk,0.018746474122217048,0.007252917115488097,0.012971329008297582,0.0043685275354303525,0.054070295062287
