tenant_id,tenant-cpu,tenant-dsk,tenant-mem,tenant-nsy,tenant-ntk
tenant-cpu,1763663635.8726716,23473735650.85219,211680780.1653592,-41819306.8769001,-482339800.01723725
tenant-dsk,23473735650.85219,4002828839886.0703,9132045297.642645,-548629012233.81055,-48925856462.49815
tenant-mem,211680780.1653592,9132045297.642645,1752971448.3586621,-2938866982.1535654,172476645.5184444
tenant-nsy,-41819306.8769001,-548629012233.81055,-2938866982.1535654,520466364457.34576,39015017732.843925
tenant-ntk,-482339800.01723725,-48925856462.49815,172476645.5184444,39015017732.843925,14575810136.701818
