tenant_id,tenant-cpu,tenant-dsk,tenant-mem,tenant-ntk
tenant-cpu,1726005554.7026327,264242222668.00183,723677740.913686,2824387831.383389
tenant-dsk,264242222668.00183,1414774633544044.5,907511336854.5817,-491979348428.8407
tenant-mem,723677740.913686,907511336854.5817,2497898540.697616,2625714557.6792073
tenant-ntk,2824387831.383389,-491979348428.8407,2625714557.6792073,36403457689.98129
